10,0,51,15,1,2,1,3,"['20:2d:07:f6:0d:67', 'b8:27:eb:64:2c:fc', '48:db:50:35:d4:e7']"
10,0,53,17,1,2,1,10,"['20:2d:07:f6:0d:67', 'b8:27:eb:64:2c:fc', '48:db:50:35:d4:e7', 'dc:ef:ca:56:c4:7d', '8c:85:90:84:50:96', 'c0:ce:cd:e9:79:85', '0e:2a:a4:68:12:69', 'E8:07:BF:14:F7:AA', 'ac:bc:32:9f:d1:2d', '58:40:4E:16:31:32']"
11,0,0,15,1,2,1,10,"['20:2d:07:f6:0d:67', 'b8:27:eb:64:2c:fc', '48:db:50:35:d4:e7', 'dc:ef:ca:56:c4:7d', '8c:85:90:84:50:96', 'c0:ce:cd:e9:79:85', '0e:2a:a4:68:12:69', 'ac:bc:32:9f:d1:2d', '58:40:4E:16:31:32', '88:79:7e:55:a0:60']"
11,0,3,17,1,2,1,11,"['20:2d:07:f6:0d:67', 'b8:27:eb:64:2c:fc', '48:db:50:35:d4:e7', 'dc:ef:ca:56:c4:7d', '8c:85:90:84:50:96', 'c0:ce:cd:e9:79:85', '0e:2a:a4:68:12:69', 'ac:bc:32:9f:d1:2d', '58:40:4E:16:31:32', '88:79:7e:55:a0:60', 'c4:8e:8f:fb:2f:5b']"
11,0,4,16,1,2,1,10,"['20:2d:07:f6:0d:67', 'b8:27:eb:64:2c:fc', '48:db:50:35:d4:e7', 'dc:ef:ca:56:c4:7d', '8c:85:90:84:50:96', '0e:2a:a4:68:12:69', 'ac:bc:32:9f:d1:2d', '88:79:7e:55:a0:60', 'c4:8e:8f:fb:2f:5b', '8c:f5:a3:87:5e:8e']"
11,0,6,20,1,2,1,11,"['20:2d:07:f6:0d:67', 'b8:27:eb:64:2c:fc', '48:db:50:35:d4:e7', 'dc:ef:ca:56:c4:7d', '8c:85:90:84:50:96', '0e:2a:a4:68:12:69', 'ac:bc:32:9f:d1:2d', '88:79:7e:55:a0:60', 'c4:8e:8f:fb:2f:5b', '8c:f5:a3:87:5e:8e', '02:8d:61:f2:fe:31']"
11,0,9,20,1,2,1,13,"['20:2d:07:f6:0d:67', 'b8:27:eb:64:2c:fc', '48:db:50:35:d4:e7', 'dc:ef:ca:56:c4:7d', '8c:85:90:84:50:96', '0e:2a:a4:68:12:69', 'ac:bc:32:9f:d1:2d', '88:79:7e:55:a0:60', 'c4:8e:8f:fb:2f:5b', '8c:f5:a3:87:5e:8e', '02:8d:61:f2:fe:31', '7c:7a:91:d4:46:80', '10:f1:f2:36:67:fd']"
11,0,11,21,1,2,1,15,"['20:2d:07:f6:0d:67', 'b8:27:eb:64:2c:fc', '48:db:50:35:d4:e7', 'dc:ef:ca:56:c4:7d', '8c:85:90:84:50:96', '0e:2a:a4:68:12:69', 'ac:bc:32:9f:d1:2d', '88:79:7e:55:a0:60', 'c4:8e:8f:fb:2f:5b', '8c:f5:a3:87:5e:8e', '02:8d:61:f2:fe:31', '7c:7a:91:d4:46:80', '10:f1:f2:36:67:fd', 'd0:13:fd:24:52:bb', 'b8:86:87:96:05:51']"
11,0,16,23,1,2,1,16,"['20:2d:07:f6:0d:67', 'b8:27:eb:64:2c:fc', 'dc:ef:ca:56:c4:7d', '8c:85:90:84:50:96', 'ac:bc:32:9f:d1:2d', '88:79:7e:55:a0:60', 'c4:8e:8f:fb:2f:5b', '8c:f5:a3:87:5e:8e', '02:8d:61:f2:fe:31', '7c:7a:91:d4:46:80', '10:f1:f2:36:67:fd', 'd0:13:fd:24:52:bb', 'b8:86:87:96:05:51', '48:88:ca:42:c1:f9', 'a8:a6:68:25:eb:85', '24:4b:81:b6:5f:42']"
11,0,18,28,1,2,1,16,"['20:2d:07:f6:0d:67', 'b8:27:eb:64:2c:fc', 'dc:ef:ca:56:c4:7d', '8c:85:90:84:50:96', 'ac:bc:32:9f:d1:2d', '88:79:7e:55:a0:60', 'c4:8e:8f:fb:2f:5b', '8c:f5:a3:87:5e:8e', '02:8d:61:f2:fe:31', '7c:7a:91:d4:46:80', '10:f1:f2:36:67:fd', 'd0:13:fd:24:52:bb', 'b8:86:87:96:05:51', '48:88:ca:42:c1:f9', 'a8:a6:68:25:eb:85', '24:4b:81:b6:5f:42']"
11,0,19,24,1,2,1,17,"['20:2d:07:f6:0d:67', 'b8:27:eb:64:2c:fc', 'dc:ef:ca:56:c4:7d', '8c:85:90:84:50:96', 'ac:bc:32:9f:d1:2d', '88:79:7e:55:a0:60', 'c4:8e:8f:fb:2f:5b', '8c:f5:a3:87:5e:8e', '02:8d:61:f2:fe:31', '7c:7a:91:d4:46:80', '10:f1:f2:36:67:fd', 'd0:13:fd:24:52:bb', 'b8:86:87:96:05:51', '48:88:ca:42:c1:f9', 'a8:a6:68:25:eb:85', '24:4b:81:b6:5f:42', '00:fc:8b:81:ce:2c']"
11,0,21,30,1,2,1,19,"['20:2d:07:f6:0d:67', 'b8:27:eb:64:2c:fc', 'dc:ef:ca:56:c4:7d', '8c:85:90:84:50:96', 'ac:bc:32:9f:d1:2d', '88:79:7e:55:a0:60', 'c4:8e:8f:fb:2f:5b', '8c:f5:a3:87:5e:8e', '02:8d:61:f2:fe:31', '7c:7a:91:d4:46:80', '10:f1:f2:36:67:fd', 'd0:13:fd:24:52:bb', 'b8:86:87:96:05:51', '48:88:ca:42:c1:f9', 'a8:a6:68:25:eb:85', '24:4b:81:b6:5f:42', '00:fc:8b:81:ce:2c', '04:1b:6d:a1:f4:76', 'ec:9b:f3:fa:3d:56']"
11,0,24,29,1,2,1,17,"['b8:27:eb:64:2c:fc', 'dc:ef:ca:56:c4:7d', '8c:85:90:84:50:96', 'ac:bc:32:9f:d1:2d', 'c4:8e:8f:fb:2f:5b', '8c:f5:a3:87:5e:8e', '02:8d:61:f2:fe:31', '7c:7a:91:d4:46:80', '10:f1:f2:36:67:fd', 'd0:13:fd:24:52:bb', 'b8:86:87:96:05:51', '48:88:ca:42:c1:f9', 'a8:a6:68:25:eb:85', '24:4b:81:b6:5f:42', '00:fc:8b:81:ce:2c', '04:1b:6d:a1:f4:76', 'ec:9b:f3:fa:3d:56']"
11,0,26,31,1,2,1,15,"['b8:27:eb:64:2c:fc', 'dc:ef:ca:56:c4:7d', '8c:85:90:84:50:96', 'ac:bc:32:9f:d1:2d', '8c:f5:a3:87:5e:8e', '02:8d:61:f2:fe:31', '7c:7a:91:d4:46:80', 'd0:13:fd:24:52:bb', 'b8:86:87:96:05:51', '48:88:ca:42:c1:f9', 'a8:a6:68:25:eb:85', '24:4b:81:b6:5f:42', '00:fc:8b:81:ce:2c', '04:1b:6d:a1:f4:76', 'ec:9b:f3:fa:3d:56']"
11,0,27,31,1,2,1,15,"['b8:27:eb:64:2c:fc', 'dc:ef:ca:56:c4:7d', '8c:85:90:84:50:96', 'ac:bc:32:9f:d1:2d', '8c:f5:a3:87:5e:8e', '02:8d:61:f2:fe:31', '7c:7a:91:d4:46:80', 'd0:13:fd:24:52:bb', 'b8:86:87:96:05:51', '48:88:ca:42:c1:f9', 'a8:a6:68:25:eb:85', '24:4b:81:b6:5f:42', '00:fc:8b:81:ce:2c', '04:1b:6d:a1:f4:76', 'ec:9b:f3:fa:3d:56']"
11,0,28,33,1,2,1,15,"['b8:27:eb:64:2c:fc', 'dc:ef:ca:56:c4:7d', '8c:85:90:84:50:96', 'ac:bc:32:9f:d1:2d', '8c:f5:a3:87:5e:8e', '02:8d:61:f2:fe:31', '7c:7a:91:d4:46:80', 'd0:13:fd:24:52:bb', 'b8:86:87:96:05:51', '48:88:ca:42:c1:f9', 'a8:a6:68:25:eb:85', '24:4b:81:b6:5f:42', '00:fc:8b:81:ce:2c', '04:1b:6d:a1:f4:76', 'ec:9b:f3:fa:3d:56']"
11,0,29,35,1,2,1,15,"['b8:27:eb:64:2c:fc', 'dc:ef:ca:56:c4:7d', '8c:85:90:84:50:96', 'ac:bc:32:9f:d1:2d', '8c:f5:a3:87:5e:8e', '02:8d:61:f2:fe:31', '7c:7a:91:d4:46:80', 'd0:13:fd:24:52:bb', 'b8:86:87:96:05:51', '48:88:ca:42:c1:f9', 'a8:a6:68:25:eb:85', '24:4b:81:b6:5f:42', '00:fc:8b:81:ce:2c', '04:1b:6d:a1:f4:76', 'ec:9b:f3:fa:3d:56']"
11,0,31,37,1,2,1,14,"['b8:27:eb:64:2c:fc', 'dc:ef:ca:56:c4:7d', '8c:85:90:84:50:96', 'ac:bc:32:9f:d1:2d', '8c:f5:a3:87:5e:8e', '02:8d:61:f2:fe:31', 'd0:13:fd:24:52:bb', 'b8:86:87:96:05:51', '48:88:ca:42:c1:f9', 'a8:a6:68:25:eb:85', '24:4b:81:b6:5f:42', '00:fc:8b:81:ce:2c', '04:1b:6d:a1:f4:76', 'ec:9b:f3:fa:3d:56']"
11,0,32,37,1,2,1,14,"['b8:27:eb:64:2c:fc', 'dc:ef:ca:56:c4:7d', '8c:85:90:84:50:96', 'ac:bc:32:9f:d1:2d', '8c:f5:a3:87:5e:8e', '02:8d:61:f2:fe:31', 'd0:13:fd:24:52:bb', 'b8:86:87:96:05:51', '48:88:ca:42:c1:f9', 'a8:a6:68:25:eb:85', '24:4b:81:b6:5f:42', '00:fc:8b:81:ce:2c', '04:1b:6d:a1:f4:76', 'ec:9b:f3:fa:3d:56']"
11,0,34,37,1,2,1,14,"['b8:27:eb:64:2c:fc', 'dc:ef:ca:56:c4:7d', '8c:85:90:84:50:96', 'ac:bc:32:9f:d1:2d', '8c:f5:a3:87:5e:8e', '02:8d:61:f2:fe:31', 'd0:13:fd:24:52:bb', 'b8:86:87:96:05:51', '48:88:ca:42:c1:f9', 'a8:a6:68:25:eb:85', '24:4b:81:b6:5f:42', '00:fc:8b:81:ce:2c', '04:1b:6d:a1:f4:76', 'ec:9b:f3:fa:3d:56']"
11,0,36,39,1,2,1,12,"['b8:27:eb:64:2c:fc', 'dc:ef:ca:56:c4:7d', '8c:85:90:84:50:96', 'ac:bc:32:9f:d1:2d', '8c:f5:a3:87:5e:8e', 'd0:13:fd:24:52:bb', 'b8:86:87:96:05:51', '48:88:ca:42:c1:f9', 'a8:a6:68:25:eb:85', '24:4b:81:b6:5f:42', '00:fc:8b:81:ce:2c', 'ec:9b:f3:fa:3d:56']"
7,0,40,11,1,3,1,3,"['b8:27:eb:64:2c:fc', '00:fc:8b:04:71:12', '5c:af:06:61:89:9b']"
7,0,42,8,1,3,1,4,"['b8:27:eb:64:2c:fc', '00:fc:8b:04:71:12', '5c:af:06:61:89:9b', '48:db:50:35:d4:e7']"
7,0,46,9,1,3,1,4,"['b8:27:eb:64:2c:fc', '00:fc:8b:04:71:12', '5c:af:06:61:89:9b', '48:db:50:35:d4:e7']"
7,0,47,12,1,3,1,4,"['b8:27:eb:64:2c:fc', '00:fc:8b:04:71:12', '5c:af:06:61:89:9b', '48:db:50:35:d4:e7']"
7,0,49,15,1,3,1,5,"['b8:27:eb:64:2c:fc', '00:fc:8b:04:71:12', '5c:af:06:61:89:9b', '48:db:50:35:d4:e7', 'c0:ce:cd:e9:79:85']"
7,0,51,16,1,3,1,6,"['b8:27:eb:64:2c:fc', '00:fc:8b:04:71:12', '5c:af:06:61:89:9b', '48:db:50:35:d4:e7', 'c0:ce:cd:e9:79:85', '3a:46:a7:e5:fc:b1']"
7,0,52,15,1,3,1,6,"['b8:27:eb:64:2c:fc', '00:fc:8b:04:71:12', '5c:af:06:61:89:9b', '48:db:50:35:d4:e7', 'c0:ce:cd:e9:79:85', '3a:46:a7:e5:fc:b1']"
7,0,53,13,1,3,1,7,"['b8:27:eb:64:2c:fc', '00:fc:8b:04:71:12', '5c:af:06:61:89:9b', '48:db:50:35:d4:e7', 'c0:ce:cd:e9:79:85', '3a:46:a7:e5:fc:b1', '98:01:a7:91:61:df']"
7,0,54,12,1,3,1,7,"['b8:27:eb:64:2c:fc', '00:fc:8b:04:71:12', '5c:af:06:61:89:9b', '48:db:50:35:d4:e7', 'c0:ce:cd:e9:79:85', '3a:46:a7:e5:fc:b1', '98:01:a7:91:61:df']"
7,0,56,13,1,3,1,8,"['b8:27:eb:64:2c:fc', '00:fc:8b:04:71:12', '5c:af:06:61:89:9b', '48:db:50:35:d4:e7', 'c0:ce:cd:e9:79:85', '3a:46:a7:e5:fc:b1', '98:01:a7:91:61:df', '94:B2:CC:02:CB:8D']"
7,0,57,13,1,3,1,8,"['b8:27:eb:64:2c:fc', '00:fc:8b:04:71:12', '5c:af:06:61:89:9b', '48:db:50:35:d4:e7', 'c0:ce:cd:e9:79:85', '3a:46:a7:e5:fc:b1', '98:01:a7:91:61:df', '94:B2:CC:02:CB:8D']"
7,0,58,14,1,3,1,9,"['b8:27:eb:64:2c:fc', '00:fc:8b:04:71:12', '5c:af:06:61:89:9b', '48:db:50:35:d4:e7', 'c0:ce:cd:e9:79:85', '3a:46:a7:e5:fc:b1', '98:01:a7:91:61:df', '94:B2:CC:02:CB:8D', 'a0:cc:2b:9a:a4:b3']"
7,0,59,16,1,3,1,9,"['b8:27:eb:64:2c:fc', '00:fc:8b:04:71:12', '5c:af:06:61:89:9b', '48:db:50:35:d4:e7', 'c0:ce:cd:e9:79:85', '3a:46:a7:e5:fc:b1', '98:01:a7:91:61:df', '94:B2:CC:02:CB:8D', 'a0:cc:2b:9a:a4:b3']"
8,0,0,18,1,3,1,9,"['b8:27:eb:64:2c:fc', '00:fc:8b:04:71:12', '5c:af:06:61:89:9b', '48:db:50:35:d4:e7', 'c0:ce:cd:e9:79:85', '3a:46:a7:e5:fc:b1', '98:01:a7:91:61:df', '94:B2:CC:02:CB:8D', 'a0:cc:2b:9a:a4:b3']"
8,0,2,20,1,3,1,10,"['b8:27:eb:64:2c:fc', '00:fc:8b:04:71:12', '5c:af:06:61:89:9b', '48:db:50:35:d4:e7', 'c0:ce:cd:e9:79:85', '3a:46:a7:e5:fc:b1', '98:01:a7:91:61:df', '94:B2:CC:02:CB:8D', 'a0:cc:2b:9a:a4:b3', '40:4e:36:20:3b:fb']"
8,0,3,22,1,3,1,10,"['b8:27:eb:64:2c:fc', '00:fc:8b:04:71:12', '5c:af:06:61:89:9b', '48:db:50:35:d4:e7', 'c0:ce:cd:e9:79:85', '3a:46:a7:e5:fc:b1', '98:01:a7:91:61:df', '94:B2:CC:02:CB:8D', 'a0:cc:2b:9a:a4:b3', '40:4e:36:20:3b:fb']"
8,0,5,23,1,3,1,12,"['b8:27:eb:64:2c:fc', '00:fc:8b:04:71:12', '5c:af:06:61:89:9b', '48:db:50:35:d4:e7', 'c0:ce:cd:e9:79:85', '3a:46:a7:e5:fc:b1', '98:01:a7:91:61:df', 'a0:cc:2b:9a:a4:b3', '40:4e:36:20:3b:fb', 'fc:65:de:f1:2d:f8', 'c4:85:08:f3:5f:75', 'DC:41:5F:EF:70:1C']"
8,0,7,22,1,3,1,12,"['b8:27:eb:64:2c:fc', '00:fc:8b:04:71:12', '5c:af:06:61:89:9b', '48:db:50:35:d4:e7', 'c0:ce:cd:e9:79:85', '3a:46:a7:e5:fc:b1', '98:01:a7:91:61:df', 'a0:cc:2b:9a:a4:b3', '40:4e:36:20:3b:fb', 'fc:65:de:f1:2d:f8', 'c4:85:08:f3:5f:75', 'DC:41:5F:EF:70:1C']"
8,0,7,23,1,3,1,12,"['b8:27:eb:64:2c:fc', '00:fc:8b:04:71:12', '5c:af:06:61:89:9b', '48:db:50:35:d4:e7', 'c0:ce:cd:e9:79:85', '3a:46:a7:e5:fc:b1', '98:01:a7:91:61:df', 'a0:cc:2b:9a:a4:b3', '40:4e:36:20:3b:fb', 'fc:65:de:f1:2d:f8', 'c4:85:08:f3:5f:75', 'DC:41:5F:EF:70:1C']"
8,0,9,25,1,3,1,13,"['b8:27:eb:64:2c:fc', '00:fc:8b:04:71:12', '5c:af:06:61:89:9b', '48:db:50:35:d4:e7', 'c0:ce:cd:e9:79:85', '3a:46:a7:e5:fc:b1', '98:01:a7:91:61:df', 'a0:cc:2b:9a:a4:b3', '40:4e:36:20:3b:fb', 'fc:65:de:f1:2d:f8', 'c4:85:08:f3:5f:75', 'DC:41:5F:EF:70:1C', 'ec:1f:72:e7:a7:25']"
8,0,11,25,1,3,1,11,"['b8:27:eb:64:2c:fc', '00:fc:8b:04:71:12', '5c:af:06:61:89:9b', '3a:46:a7:e5:fc:b1', '98:01:a7:91:61:df', 'a0:cc:2b:9a:a4:b3', '40:4e:36:20:3b:fb', 'fc:65:de:f1:2d:f8', 'c4:85:08:f3:5f:75', 'DC:41:5F:EF:70:1C', 'ec:1f:72:e7:a7:25']"
8,0,13,27,1,3,1,14,"['b8:27:eb:64:2c:fc', '00:fc:8b:04:71:12', '5c:af:06:61:89:9b', '3a:46:a7:e5:fc:b1', '98:01:a7:91:61:df', 'a0:cc:2b:9a:a4:b3', '40:4e:36:20:3b:fb', 'fc:65:de:f1:2d:f8', 'c4:85:08:f3:5f:75', 'DC:41:5F:EF:70:1C', 'ec:1f:72:e7:a7:25', 'ac:0d:1b:a1:63:52', 'a4:67:06:09:c7:d5', 'c0:bd:d1:7b:94:8d']"
8,0,30,24,1,3,1,11,"['b8:27:eb:64:2c:fc', '5c:af:06:61:89:9b', '3a:46:a7:e5:fc:b1', '98:01:a7:91:61:df', 'a0:cc:2b:9a:a4:b3', '40:4e:36:20:3b:fb', 'fc:65:de:f1:2d:f8', 'ec:1f:72:e7:a7:25', 'ac:0d:1b:a1:63:52', 'a4:67:06:09:c7:d5', 'c0:bd:d1:7b:94:8d']"
8,1,32,0,1,3,1,6,"['a0:cc:2b:9a:a4:b3', '40:4e:36:20:3b:fb', 'fc:65:de:f1:2d:f8', 'ec:1f:72:e7:a7:25', 'a4:67:06:09:c7:d5', 'c0:bd:d1:7b:94:8d']"
11,0,3,6,1,4,1,5,"['48:db:50:35:d4:e7', 'b8:27:eb:64:2c:fc', '00:18:16:10:16:63', 'a0:cc:2b:92:0e:1a', 'a4:08:ea:2c:ec:47']"
11,0,4,7,1,4,1,7,"['48:db:50:35:d4:e7', 'b8:27:eb:64:2c:fc', '00:18:16:10:16:63', 'a0:cc:2b:92:0e:1a', 'a4:08:ea:2c:ec:47', '98:01:a7:b5:88:8d', '14:1f:78:98:4e:b8']"
11,0,6,8,1,4,1,7,"['48:db:50:35:d4:e7', 'b8:27:eb:64:2c:fc', '00:18:16:10:16:63', 'a0:cc:2b:92:0e:1a', 'a4:08:ea:2c:ec:47', '98:01:a7:b5:88:8d', '14:1f:78:98:4e:b8']"
11,0,8,9,1,4,1,7,"['48:db:50:35:d4:e7', 'b8:27:eb:64:2c:fc', '00:18:16:10:16:63', 'a0:cc:2b:92:0e:1a', 'a4:08:ea:2c:ec:47', '98:01:a7:b5:88:8d', '14:1f:78:98:4e:b8']"
11,0,10,10,1,4,1,9,"['48:db:50:35:d4:e7', 'b8:27:eb:64:2c:fc', '00:18:16:10:16:63', 'a0:cc:2b:92:0e:1a', 'a4:08:ea:2c:ec:47', '98:01:a7:b5:88:8d', '14:1f:78:98:4e:b8', 'aa:f8:1c:ee:c3:ff', '88:79:7e:55:a0:60']"
11,0,11,11,1,4,1,10,"['48:db:50:35:d4:e7', 'b8:27:eb:64:2c:fc', '00:18:16:10:16:63', 'a0:cc:2b:92:0e:1a', 'a4:08:ea:2c:ec:47', '98:01:a7:b5:88:8d', '14:1f:78:98:4e:b8', 'aa:f8:1c:ee:c3:ff', '88:79:7e:55:a0:60', '64:9a:be:2b:fd:ca']"
11,0,13,10,1,4,1,10,"['48:db:50:35:d4:e7', 'b8:27:eb:64:2c:fc', '00:18:16:10:16:63', 'a0:cc:2b:92:0e:1a', 'a4:08:ea:2c:ec:47', '98:01:a7:b5:88:8d', '14:1f:78:98:4e:b8', 'aa:f8:1c:ee:c3:ff', '88:79:7e:55:a0:60', '64:9a:be:2b:fd:ca']"
11,0,14,10,1,4,1,11,"['48:db:50:35:d4:e7', 'b8:27:eb:64:2c:fc', '00:18:16:10:16:63', 'a0:cc:2b:92:0e:1a', 'a4:08:ea:2c:ec:47', '98:01:a7:b5:88:8d', '14:1f:78:98:4e:b8', 'aa:f8:1c:ee:c3:ff', '88:79:7e:55:a0:60', '64:9a:be:2b:fd:ca', '40:98:ad:6a:00:03']"
11,0,18,13,1,4,1,12,"['48:db:50:35:d4:e7', 'b8:27:eb:64:2c:fc', '00:18:16:10:16:63', 'a0:cc:2b:92:0e:1a', 'a4:08:ea:2c:ec:47', '98:01:a7:b5:88:8d', '14:1f:78:98:4e:b8', 'aa:f8:1c:ee:c3:ff', '88:79:7e:55:a0:60', '64:9a:be:2b:fd:ca', '40:98:ad:6a:00:03', 'a4:70:d6:6c:58:81']"
11,0,21,15,1,4,1,12,"['48:db:50:35:d4:e7', 'b8:27:eb:64:2c:fc', '00:18:16:10:16:63', 'a0:cc:2b:92:0e:1a', 'a4:08:ea:2c:ec:47', '98:01:a7:b5:88:8d', '14:1f:78:98:4e:b8', 'aa:f8:1c:ee:c3:ff', '88:79:7e:55:a0:60', '64:9a:be:2b:fd:ca', '40:98:ad:6a:00:03', 'a4:70:d6:6c:58:81']"
11,0,23,16,1,4,1,14,"['48:db:50:35:d4:e7', 'b8:27:eb:64:2c:fc', '00:18:16:10:16:63', 'a0:cc:2b:92:0e:1a', 'a4:08:ea:2c:ec:47', '98:01:a7:b5:88:8d', '14:1f:78:98:4e:b8', 'aa:f8:1c:ee:c3:ff', '88:79:7e:55:a0:60', '64:9a:be:2b:fd:ca', '40:98:ad:6a:00:03', 'a4:70:d6:6c:58:81', '48:4b:aa:a3:b3:d2', 'd0:31:69:3c:7a:d8']"
11,0,25,21,1,4,1,14,"['48:db:50:35:d4:e7', 'b8:27:eb:64:2c:fc', '00:18:16:10:16:63', 'a0:cc:2b:92:0e:1a', 'a4:08:ea:2c:ec:47', '98:01:a7:b5:88:8d', '14:1f:78:98:4e:b8', 'aa:f8:1c:ee:c3:ff', '88:79:7e:55:a0:60', '64:9a:be:2b:fd:ca', '40:98:ad:6a:00:03', 'a4:70:d6:6c:58:81', '48:4b:aa:a3:b3:d2', 'd0:31:69:3c:7a:d8']"
11,0,29,20,1,4,1,13,"['48:db:50:35:d4:e7', 'b8:27:eb:64:2c:fc', '00:18:16:10:16:63', 'a0:cc:2b:92:0e:1a', 'a4:08:ea:2c:ec:47', '98:01:a7:b5:88:8d', '14:1f:78:98:4e:b8', 'aa:f8:1c:ee:c3:ff', '88:79:7e:55:a0:60', '64:9a:be:2b:fd:ca', 'a4:70:d6:6c:58:81', '48:4b:aa:a3:b3:d2', 'd0:31:69:3c:7a:d8']"
11,0,31,22,1,4,1,13,"['48:db:50:35:d4:e7', 'b8:27:eb:64:2c:fc', '00:18:16:10:16:63', 'a0:cc:2b:92:0e:1a', 'a4:08:ea:2c:ec:47', '98:01:a7:b5:88:8d', '14:1f:78:98:4e:b8', 'aa:f8:1c:ee:c3:ff', '88:79:7e:55:a0:60', '64:9a:be:2b:fd:ca', 'a4:70:d6:6c:58:81', '48:4b:aa:a3:b3:d2', 'd0:31:69:3c:7a:d8']"
11,0,32,23,1,4,1,13,"['48:db:50:35:d4:e7', 'b8:27:eb:64:2c:fc', '00:18:16:10:16:63', 'a0:cc:2b:92:0e:1a', 'a4:08:ea:2c:ec:47', '98:01:a7:b5:88:8d', '14:1f:78:98:4e:b8', 'aa:f8:1c:ee:c3:ff', '88:79:7e:55:a0:60', 'a4:70:d6:6c:58:81', '48:4b:aa:a3:b3:d2', 'd0:31:69:3c:7a:d8', 'd2:48:20:ea:34:dc']"
11,0,33,18,1,4,1,13,"['48:db:50:35:d4:e7', 'b8:27:eb:64:2c:fc', '00:18:16:10:16:63', 'a0:cc:2b:92:0e:1a', 'a4:08:ea:2c:ec:47', '98:01:a7:b5:88:8d', '14:1f:78:98:4e:b8', 'aa:f8:1c:ee:c3:ff', '88:79:7e:55:a0:60', 'a4:70:d6:6c:58:81', '48:4b:aa:a3:b3:d2', 'd2:48:20:ea:34:dc', 'f4:09:d8:f4:07:a2']"
11,0,34,19,1,4,1,13,"['48:db:50:35:d4:e7', 'b8:27:eb:64:2c:fc', '00:18:16:10:16:63', 'a0:cc:2b:92:0e:1a', 'a4:08:ea:2c:ec:47', '98:01:a7:b5:88:8d', '14:1f:78:98:4e:b8', 'aa:f8:1c:ee:c3:ff', '88:79:7e:55:a0:60', 'a4:70:d6:6c:58:81', '48:4b:aa:a3:b3:d2', 'd2:48:20:ea:34:dc', 'f4:09:d8:f4:07:a2']"
11,0,36,21,1,4,1,13,"['48:db:50:35:d4:e7', 'b8:27:eb:64:2c:fc', '00:18:16:10:16:63', 'a0:cc:2b:92:0e:1a', 'a4:08:ea:2c:ec:47', '98:01:a7:b5:88:8d', '14:1f:78:98:4e:b8', 'aa:f8:1c:ee:c3:ff', '88:79:7e:55:a0:60', 'a4:70:d6:6c:58:81', '48:4b:aa:a3:b3:d2', 'd2:48:20:ea:34:dc', 'f4:09:d8:f4:07:a2']"
11,0,37,20,1,4,1,12,"['48:db:50:35:d4:e7', 'b8:27:eb:64:2c:fc', '00:18:16:10:16:63', 'a0:cc:2b:92:0e:1a', '98:01:a7:b5:88:8d', '14:1f:78:98:4e:b8', 'aa:f8:1c:ee:c3:ff', '88:79:7e:55:a0:60', 'a4:70:d6:6c:58:81', '48:4b:aa:a3:b3:d2', 'd2:48:20:ea:34:dc', 'f4:09:d8:f4:07:a2']"
11,0,39,22,1,4,1,11,"['48:db:50:35:d4:e7', 'b8:27:eb:64:2c:fc', '00:18:16:10:16:63', 'a0:cc:2b:92:0e:1a', '98:01:a7:b5:88:8d', '14:1f:78:98:4e:b8', 'aa:f8:1c:ee:c3:ff', 'a4:70:d6:6c:58:81', '48:4b:aa:a3:b3:d2', 'd2:48:20:ea:34:dc', 'f4:09:d8:f4:07:a2']"
11,0,41,24,1,4,1,11,"['48:db:50:35:d4:e7', 'b8:27:eb:64:2c:fc', '00:18:16:10:16:63', 'a0:cc:2b:92:0e:1a', '98:01:a7:b5:88:8d', '14:1f:78:98:4e:b8', 'aa:f8:1c:ee:c3:ff', 'a4:70:d6:6c:58:81', '48:4b:aa:a3:b3:d2', 'd2:48:20:ea:34:dc', 'f4:09:d8:f4:07:a2']"
11,0,42,34,1,4,1,11,"['48:db:50:35:d4:e7', 'b8:27:eb:64:2c:fc', '00:18:16:10:16:63', 'a0:cc:2b:92:0e:1a', '98:01:a7:b5:88:8d', '14:1f:78:98:4e:b8', 'aa:f8:1c:ee:c3:ff', 'a4:70:d6:6c:58:81', '48:4b:aa:a3:b3:d2', 'd2:48:20:ea:34:dc', 'f4:09:d8:f4:07:a2']"
11,0,43,38,1,4,1,11,"['48:db:50:35:d4:e7', 'b8:27:eb:64:2c:fc', '00:18:16:10:16:63', 'a0:cc:2b:92:0e:1a', '98:01:a7:b5:88:8d', '14:1f:78:98:4e:b8', 'aa:f8:1c:ee:c3:ff', 'a4:70:d6:6c:58:81', '48:4b:aa:a3:b3:d2', 'd2:48:20:ea:34:dc', 'f4:09:d8:f4:07:a2']"
11,0,46,25,1,4,1,9,"['b8:27:eb:64:2c:fc', '00:18:16:10:16:63', 'a0:cc:2b:92:0e:1a', '98:01:a7:b5:88:8d', '14:1f:78:98:4e:b8', 'aa:f8:1c:ee:c3:ff', 'a4:70:d6:6c:58:81', '48:4b:aa:a3:b3:d2', 'f4:09:d8:f4:07:a2']"
11,0,47,19,1,4,1,9,"['00:18:16:10:16:63', 'a0:cc:2b:92:0e:1a', '14:1f:78:98:4e:b8', 'aa:f8:1c:ee:c3:ff', 'a4:70:d6:6c:58:81', '48:4b:aa:a3:b3:d2', 'f4:09:d8:f4:07:a2', '48:db:50:35:d4:e7', '00:18:16:10:16:63']"
11,0,48,15,1,4,1,6,"['aa:f8:1c:ee:c3:ff', 'a4:70:d6:6c:58:81', '48:4b:aa:a3:b3:d2', 'f4:09:d8:f4:07:a2', '48:db:50:35:d4:e7', '00:18:16:10:16:63']"
11,0,49,13,1,4,1,6,"['aa:f8:1c:ee:c3:ff', 'a4:70:d6:6c:58:81', '48:4b:aa:a3:b3:d2', 'f4:09:d8:f4:07:a2', '48:db:50:35:d4:e7', '00:18:16:10:16:63']"
11,0,51,9,1,4,1,4,"['48:4b:aa:a3:b3:d2', 'f4:09:d8:f4:07:a2', '48:db:50:35:d4:e7', '00:18:16:10:16:63']"
15,0,5,10,2,5,0,1,['b8:27:eb:68:c4:a3']
15,0,6,12,2,5,0,2,"['b8:27:eb:68:c4:a3', '0c:72:d9:08:9f:3e']"
15,0,8,13,2,5,0,2,"['b8:27:eb:68:c4:a3', '0c:72:d9:08:9f:3e']"
15,0,10,25,2,5,0,2,"['b8:27:eb:68:c4:a3', '0c:72:d9:08:9f:3e']"
15,0,14,22,2,5,0,2,"['b8:27:eb:68:c4:a3', '0c:72:d9:08:9f:3e']"
15,0,15,23,2,5,0,2,"['b8:27:eb:68:c4:a3', '0c:72:d9:08:9f:3e']"
15,0,15,19,2,5,0,2,"['b8:27:eb:68:c4:a3', '0c:72:d9:08:9f:3e']"
15,0,18,20,2,5,0,2,"['b8:27:eb:68:c4:a3', '0c:72:d9:08:9f:3e']"
15,0,22,21,2,5,0,2,"['b8:27:eb:68:c4:a3', '0c:72:d9:08:9f:3e']"
15,0,24,22,2,5,0,2,"['b8:27:eb:68:c4:a3', '0c:72:d9:08:9f:3e']"
15,0,26,28,2,5,0,2,"['b8:27:eb:68:c4:a3', '0c:72:d9:08:9f:3e']"
15,0,27,31,2,5,0,2,"['b8:27:eb:68:c4:a3', '0c:72:d9:08:9f:3e']"
15,0,28,32,2,5,0,2,"['b8:27:eb:68:c4:a3', '0c:72:d9:08:9f:3e']"
15,0,29,31,2,5,0,2,"['b8:27:eb:68:c4:a3', '0c:72:d9:08:9f:3e']"
15,0,30,32,2,5,0,2,"['b8:27:eb:68:c4:a3', '0c:72:d9:08:9f:3e']"
15,0,31,31,2,5,0,2,"['b8:27:eb:68:c4:a3', '0c:72:d9:08:9f:3e']"
15,0,33,27,2,5,0,2,"['b8:27:eb:68:c4:a3', '0c:72:d9:08:9f:3e']"
15,0,34,25,2,5,0,1,['b8:27:eb:68:c4:a3']
15,0,37,28,2,5,0,1,['b8:27:eb:68:c4:a3']
15,0,38,26,2,5,0,1,['b8:27:eb:68:c4:a3']
15,0,38,27,2,5,0,1,['b8:27:eb:68:c4:a3']
15,0,40,25,2,5,0,1,['b8:27:eb:68:c4:a3']
15,0,42,24,2,5,0,1,['b8:27:eb:68:c4:a3']
15,0,44,13,2,5,0,1,['b8:27:eb:68:c4:a3']
15,0,45,12,2,5,0,1,['b8:27:eb:68:c4:a3']
15,0,46,10,2,5,0,1,['b8:27:eb:68:c4:a3']
15,1,47,0,2,5,0,1,['b8:27:eb:68:c4:a3']
16,0,55,2,2,6,0,0,[]
16,0,57,3,2,6,0,1,['b8:27:eb:68:c4:a3']
16,0,58,5,2,6,0,1,['b8:27:eb:68:c4:a3']
16,0,59,7,2,6,0,1,['b8:27:eb:68:c4:a3']
17,0,0,8,2,6,0,1,['b8:27:eb:68:c4:a3']
17,0,5,6,2,6,0,1,['b8:27:eb:68:c4:a3']
17,0,7,10,2,6,0,1,['b8:27:eb:68:c4:a3']
17,0,8,9,2,6,0,1,['b8:27:eb:68:c4:a3']
17,0,11,16,2,6,0,1,['b8:27:eb:68:c4:a3']
17,0,13,17,2,6,0,1,['b8:27:eb:68:c4:a3']
17,0,16,19,2,6,0,1,['b8:27:eb:68:c4:a3']
17,0,21,18,2,6,0,1,['b8:27:eb:68:c4:a3']
15,0,5,29,2,7,1,2,"['b8:27:eb:68:c4:a3', '8c:85:90:7c:90:8e']"
15,0,7,30,2,7,1,2,"['b8:27:eb:68:c4:a3', '8c:85:90:7c:90:8e']"
15,0,9,36,2,7,1,2,"['b8:27:eb:68:c4:a3', '8c:85:90:7c:90:8e']"
15,0,10,39,2,7,1,2,"['b8:27:eb:68:c4:a3', '8c:85:90:7c:90:8e']"
15,0,11,39,2,7,1,2,"['b8:27:eb:68:c4:a3', '8c:85:90:7c:90:8e']"
15,0,12,35,2,7,1,2,"['b8:27:eb:68:c4:a3', '8c:85:90:7c:90:8e']"
15,0,13,32,2,7,1,2,"['b8:27:eb:68:c4:a3', '8c:85:90:7c:90:8e']"
15,0,14,33,2,7,1,2,"['b8:27:eb:68:c4:a3', '8c:85:90:7c:90:8e']"
15,0,15,31,2,7,1,2,"['b8:27:eb:68:c4:a3', '8c:85:90:7c:90:8e']"
15,0,18,26,2,7,1,2,"['b8:27:eb:68:c4:a3', '8c:85:90:7c:90:8e']"
15,0,19,27,2,7,1,2,"['b8:27:eb:68:c4:a3', '8c:85:90:7c:90:8e']"
15,0,21,26,2,7,1,2,"['b8:27:eb:68:c4:a3', '8c:85:90:7c:90:8e']"
15,0,23,25,2,7,1,3,"['b8:27:eb:68:c4:a3', '8c:85:90:7c:90:8e', '54:13:79:9C:6E:C8']"
15,0,25,24,2,7,1,3,"['b8:27:eb:68:c4:a3', '8c:85:90:7c:90:8e', '54:13:79:9C:6E:C8']"
15,0,26,23,2,7,1,3,"['b8:27:eb:68:c4:a3', '8c:85:90:7c:90:8e', '54:13:79:9C:6E:C8']"
15,0,27,21,2,7,1,3,"['b8:27:eb:68:c4:a3', '8c:85:90:7c:90:8e', '54:13:79:9C:6E:C8']"
15,0,27,20,2,7,1,3,"['b8:27:eb:68:c4:a3', '8c:85:90:7c:90:8e', '54:13:79:9C:6E:C8']"
15,0,29,13,2,7,1,3,"['b8:27:eb:68:c4:a3', '8c:85:90:7c:90:8e', '54:13:79:9C:6E:C8']"
15,0,30,11,2,7,1,3,"['b8:27:eb:68:c4:a3', '8c:85:90:7c:90:8e', '54:13:79:9C:6E:C8']"
15,0,32,9,2,7,1,3,"['b8:27:eb:68:c4:a3', '8c:85:90:7c:90:8e', '54:13:79:9C:6E:C8']"
15,1,33,0,2,7,1,3,"['b8:27:eb:68:c4:a3', '8c:85:90:7c:90:8e', '54:13:79:9C:6E:C8']"
15,0,38,2,2,8,1,3,"['b8:27:eb:68:c4:a3', '8c:85:90:7c:90:8e', '54:13:79:9C:6E:C8']"
15,0,39,2,2,8,1,3,"['b8:27:eb:68:c4:a3', '8c:85:90:7c:90:8e', '54:13:79:9C:6E:C8']"
15,0,40,2,2,8,1,3,"['b8:27:eb:68:c4:a3', '8c:85:90:7c:90:8e', '54:13:79:9C:6E:C8']"
15,0,42,4,2,8,1,3,"['b8:27:eb:68:c4:a3', '8c:85:90:7c:90:8e', '54:13:79:9C:6E:C8']"
15,0,44,4,2,8,1,3,"['b8:27:eb:68:c4:a3', '8c:85:90:7c:90:8e', '54:13:79:9C:6E:C8']"
15,0,44,4,2,8,1,3,"['b8:27:eb:68:c4:a3', '8c:85:90:7c:90:8e', '54:13:79:9C:6E:C8']"
15,0,44,4,2,8,1,3,"['b8:27:eb:68:c4:a3', '8c:85:90:7c:90:8e', '54:13:79:9C:6E:C8']"
15,0,45,4,2,8,1,3,"['b8:27:eb:68:c4:a3', '8c:85:90:7c:90:8e', '54:13:79:9C:6E:C8']"
15,0,46,4,2,8,1,3,"['b8:27:eb:68:c4:a3', '8c:85:90:7c:90:8e', '54:13:79:9C:6E:C8']"
15,0,46,4,2,8,1,3,"['b8:27:eb:68:c4:a3', '8c:85:90:7c:90:8e', '54:13:79:9C:6E:C8']"
15,0,48,4,2,8,1,3,"['b8:27:eb:68:c4:a3', '8c:85:90:7c:90:8e', '54:13:79:9C:6E:C8']"
15,0,49,4,2,8,1,3,"['b8:27:eb:68:c4:a3', '8c:85:90:7c:90:8e', '54:13:79:9C:6E:C8']"
15,0,51,4,2,8,1,2,"['b8:27:eb:68:c4:a3', '54:13:79:9C:6E:C8']"
15,0,53,4,2,8,1,0,[]
15,0,55,7,2,8,1,0,[]
15,0,57,7,2,8,1,0,[]
15,0,58,7,2,8,1,0,[]
16,0,0,13,2,8,1,0,[]
16,0,4,11,2,8,1,0,[]
19,0,38,2,3,9,1,2,"['d0:5b:a8:d4:c0:11', '8c:85:90:7c:90:8e']"
19,0,40,4,3,9,1,2,"['d0:5b:a8:d4:c0:11', '8c:85:90:7c:90:8e']"
19,0,42,5,3,9,1,2,"['d0:5b:a8:d4:c0:11', '8c:85:90:7c:90:8e']"
19,0,44,5,3,9,1,2,"['d0:5b:a8:d4:c0:11', '8c:85:90:7c:90:8e']"
19,0,45,5,3,9,1,2,"['d0:5b:a8:d4:c0:11', '8c:85:90:7c:90:8e']"
19,0,51,4,3,9,1,2,"['d0:5b:a8:d4:c0:11', '8c:85:90:7c:90:8e']"
19,0,53,5,3,9,1,2,"['d0:5b:a8:d4:c0:11', '8c:85:90:7c:90:8e']"
19,0,53,6,3,9,1,2,"['d0:5b:a8:d4:c0:11', '8c:85:90:7c:90:8e']"
19,0,57,10,3,9,1,2,"['d0:5b:a8:d4:c0:11', '8c:85:90:7c:90:8e']"
19,0,59,9,3,9,1,2,"['d0:5b:a8:d4:c0:11', '8c:85:90:7c:90:8e']"
20,0,0,11,3,9,1,2,"['d0:5b:a8:d4:c0:11', '8c:85:90:7c:90:8e']"
20,0,1,10,3,9,1,2,"['d0:5b:a8:d4:c0:11', '8c:85:90:7c:90:8e']"
20,0,2,11,3,9,1,1,['8c:85:90:7c:90:8e']
20,0,3,9,3,9,1,1,['8c:85:90:7c:90:8e']
20,0,5,10,3,9,1,1,['8c:85:90:7c:90:8e']
20,1,5,10,3,9,1,0,[]
18,0,40,9,3,10,1,2,"['b8:27:eb:68:c4:a3', '1c:99:4c:39:56:ca']"
18,0,42,10,3,10,1,2,"['b8:27:eb:68:c4:a3', '1c:99:4c:39:56:ca']"
18,0,47,12,3,10,1,3,"['b8:27:eb:68:c4:a3', '1c:99:4c:39:56:ca', '8c:85:90:7c:90:8e']"
18,0,48,16,3,10,1,3,"['b8:27:eb:68:c4:a3', '1c:99:4c:39:56:ca', '8c:85:90:7c:90:8e']"
18,0,49,17,3,10,1,3,"['b8:27:eb:68:c4:a3', '1c:99:4c:39:56:ca', '8c:85:90:7c:90:8e']"
18,0,50,22,3,10,1,3,"['b8:27:eb:68:c4:a3', '1c:99:4c:39:56:ca', '8c:85:90:7c:90:8e']"
18,0,55,28,3,10,1,3,"['b8:27:eb:68:c4:a3', '1c:99:4c:39:56:ca', '8c:85:90:7c:90:8e']"
18,0,56,27,3,10,1,3,"['b8:27:eb:68:c4:a3', '1c:99:4c:39:56:ca', '8c:85:90:7c:90:8e']"
18,0,59,25,3,10,1,3,"['b8:27:eb:68:c4:a3', '1c:99:4c:39:56:ca', '8c:85:90:7c:90:8e']"
19,0,0,24,3,10,1,3,"['b8:27:eb:68:c4:a3', '1c:99:4c:39:56:ca', '8c:85:90:7c:90:8e']"
19,0,1,25,3,10,1,3,"['b8:27:eb:68:c4:a3', '1c:99:4c:39:56:ca', '8c:85:90:7c:90:8e']"
19,0,2,25,3,10,1,3,"['b8:27:eb:68:c4:a3', '1c:99:4c:39:56:ca', '8c:85:90:7c:90:8e']"
19,0,4,24,3,10,1,3,"['b8:27:eb:68:c4:a3', '1c:99:4c:39:56:ca', '8c:85:90:7c:90:8e']"
19,0,5,19,3,10,1,3,"['b8:27:eb:68:c4:a3', '1c:99:4c:39:56:ca', '8c:85:90:7c:90:8e']"
19,0,7,17,3,10,1,3,"['b8:27:eb:68:c4:a3', '1c:99:4c:39:56:ca', '8c:85:90:7c:90:8e']"
19,0,11,13,3,10,1,3,"['b8:27:eb:68:c4:a3', '1c:99:4c:39:56:ca', '8c:85:90:7c:90:8e']"
19,0,12,12,3,10,1,3,"['b8:27:eb:68:c4:a3', '1c:99:4c:39:56:ca', '8c:85:90:7c:90:8e']"
19,0,16,10,3,10,1,3,"['b8:27:eb:68:c4:a3', '1c:99:4c:39:56:ca', '8c:85:90:7c:90:8e']"
19,0,16,8,3,10,1,3,"['b8:27:eb:68:c4:a3', '1c:99:4c:39:56:ca', '8c:85:90:7c:90:8e']"
19,0,18,9,3,10,1,3,"['b8:27:eb:68:c4:a3', '1c:99:4c:39:56:ca', '8c:85:90:7c:90:8e']"
19,0,20,8,3,10,1,3,"['b8:27:eb:68:c4:a3', '1c:99:4c:39:56:ca', '8c:85:90:7c:90:8e']"
19,0,23,7,3,10,1,3,"['b8:27:eb:68:c4:a3', '1c:99:4c:39:56:ca', '8c:85:90:7c:90:8e']"
19,0,25,1,3,10,1,1,['8c:85:90:7c:90:8e']
19,1,26,0,3,10,1,1,['8c:85:90:7c:90:8e']
