2018-03-06,10,0,51,15,1,1,10:51,2,1,3,"['20:2d:07:f6:0d:67', 'b8:27:eb:64:2c:fc', '48:db:50:35:d4:e7']"
2018-03-06,10,0,53,17,1,2,10:53,2,1,9,"['20:2d:07:f6:0d:67', 'b8:27:eb:64:2c:fc', '48:db:50:35:d4:e7', 'dc:ef:ca:56:c4:7d', '8c:85:90:84:50:96', 'c0:ce:cd:e9:79:85', '0e:2a:a4:68:12:69', 'ac:bc:32:9f:d1:2d', '58:40:4E:16:31:32']"
2018-03-06,11,0,0,15,1,3,11:00,2,1,10,"['20:2d:07:f6:0d:67', 'b8:27:eb:64:2c:fc', '48:db:50:35:d4:e7', 'dc:ef:ca:56:c4:7d', '8c:85:90:84:50:96', 'c0:ce:cd:e9:79:85', '0e:2a:a4:68:12:69', 'ac:bc:32:9f:d1:2d', '58:40:4E:16:31:32', '88:79:7e:55:a0:60']"
2018-03-06,11,0,3,17,1,11,11:03,2,1,11,"['20:2d:07:f6:0d:67', 'b8:27:eb:64:2c:fc', '48:db:50:35:d4:e7', 'dc:ef:ca:56:c4:7d', '8c:85:90:84:50:96', 'c0:ce:cd:e9:79:85', '0e:2a:a4:68:12:69', 'ac:bc:32:9f:d1:2d', '58:40:4E:16:31:32', '88:79:7e:55:a0:60', 'c4:8e:8f:fb:2f:5b']"
2018-03-06,11,0,4,16,1,13,11:04,2,1,10,"['20:2d:07:f6:0d:67', 'b8:27:eb:64:2c:fc', '48:db:50:35:d4:e7', 'dc:ef:ca:56:c4:7d', '8c:85:90:84:50:96', '0e:2a:a4:68:12:69', 'ac:bc:32:9f:d1:2d', '88:79:7e:55:a0:60', 'c4:8e:8f:fb:2f:5b', '8c:f5:a3:87:5e:8e']"
2018-03-06,11,0,6,20,1,14,11:06,2,1,11,"['20:2d:07:f6:0d:67', 'b8:27:eb:64:2c:fc', '48:db:50:35:d4:e7', 'dc:ef:ca:56:c4:7d', '8c:85:90:84:50:96', '0e:2a:a4:68:12:69', 'ac:bc:32:9f:d1:2d', '88:79:7e:55:a0:60', 'c4:8e:8f:fb:2f:5b', '8c:f5:a3:87:5e:8e', '02:8d:61:f2:fe:31']"
2018-03-06,11,0,9,20,1,15,11:09,2,1,13,"['20:2d:07:f6:0d:67', 'b8:27:eb:64:2c:fc', '48:db:50:35:d4:e7', 'dc:ef:ca:56:c4:7d', '8c:85:90:84:50:96', '0e:2a:a4:68:12:69', 'ac:bc:32:9f:d1:2d', '88:79:7e:55:a0:60', 'c4:8e:8f:fb:2f:5b', '8c:f5:a3:87:5e:8e', '02:8d:61:f2:fe:31', '7c:7a:91:d4:46:80', '10:f1:f2:36:67:fd']"
2018-03-06,11,0,11,21,1,16,11:11,2,1,15,"['20:2d:07:f6:0d:67', 'b8:27:eb:64:2c:fc', '48:db:50:35:d4:e7', 'dc:ef:ca:56:c4:7d', '8c:85:90:84:50:96', '0e:2a:a4:68:12:69', 'ac:bc:32:9f:d1:2d', '88:79:7e:55:a0:60', 'c4:8e:8f:fb:2f:5b', '8c:f5:a3:87:5e:8e', '02:8d:61:f2:fe:31', '7c:7a:91:d4:46:80', '10:f1:f2:36:67:fd', 'd0:13:fd:24:52:bb', 'b8:86:87:96:05:51']"
2018-03-06,11,0,16,23,1,21,11:16,2,1,16,"['20:2d:07:f6:0d:67', 'b8:27:eb:64:2c:fc', 'dc:ef:ca:56:c4:7d', '8c:85:90:84:50:96', 'ac:bc:32:9f:d1:2d', '88:79:7e:55:a0:60', 'c4:8e:8f:fb:2f:5b', '8c:f5:a3:87:5e:8e', '02:8d:61:f2:fe:31', '7c:7a:91:d4:46:80', '10:f1:f2:36:67:fd', 'd0:13:fd:24:52:bb', 'b8:86:87:96:05:51', '48:88:ca:42:c1:f9', 'a8:a6:68:25:eb:85', '24:4b:81:b6:5f:42']"
2018-03-06,11,0,18,28,1,23,11:18,2,1,16,"['20:2d:07:f6:0d:67', 'b8:27:eb:64:2c:fc', 'dc:ef:ca:56:c4:7d', '8c:85:90:84:50:96', 'ac:bc:32:9f:d1:2d', '88:79:7e:55:a0:60', 'c4:8e:8f:fb:2f:5b', '8c:f5:a3:87:5e:8e', '02:8d:61:f2:fe:31', '7c:7a:91:d4:46:80', '10:f1:f2:36:67:fd', 'd0:13:fd:24:52:bb', 'b8:86:87:96:05:51', '48:88:ca:42:c1:f9', 'a8:a6:68:25:eb:85', '24:4b:81:b6:5f:42']"
2018-03-06,11,0,19,24,1,24,11:19,2,1,17,"['20:2d:07:f6:0d:67', 'b8:27:eb:64:2c:fc', 'dc:ef:ca:56:c4:7d', '8c:85:90:84:50:96', 'ac:bc:32:9f:d1:2d', '88:79:7e:55:a0:60', 'c4:8e:8f:fb:2f:5b', '8c:f5:a3:87:5e:8e', '02:8d:61:f2:fe:31', '7c:7a:91:d4:46:80', '10:f1:f2:36:67:fd', 'd0:13:fd:24:52:bb', 'b8:86:87:96:05:51', '48:88:ca:42:c1:f9', 'a8:a6:68:25:eb:85', '24:4b:81:b6:5f:42', '00:fc:8b:81:ce:2c']"
2018-03-06,11,0,21,30,1,25,11:21,2,1,18,"['20:2d:07:f6:0d:67', 'b8:27:eb:64:2c:fc', 'dc:ef:ca:56:c4:7d', '8c:85:90:84:50:96', 'ac:bc:32:9f:d1:2d', '88:79:7e:55:a0:60', 'c4:8e:8f:fb:2f:5b', '8c:f5:a3:87:5e:8e', '02:8d:61:f2:fe:31', '7c:7a:91:d4:46:80', '10:f1:f2:36:67:fd', 'd0:13:fd:24:52:bb', 'b8:86:87:96:05:51', '48:88:ca:42:c1:f9', 'a8:a6:68:25:eb:85', '24:4b:81:b6:5f:42', '00:fc:8b:81:ce:2c', 'ec:9b:f3:fa:3d:56']"
2018-03-06,11,0,24,29,1,28,11:24,2,1,16,"['b8:27:eb:64:2c:fc', 'dc:ef:ca:56:c4:7d', '8c:85:90:84:50:96', 'ac:bc:32:9f:d1:2d', 'c4:8e:8f:fb:2f:5b', '8c:f5:a3:87:5e:8e', '02:8d:61:f2:fe:31', '7c:7a:91:d4:46:80', '10:f1:f2:36:67:fd', 'd0:13:fd:24:52:bb', 'b8:86:87:96:05:51', '48:88:ca:42:c1:f9', 'a8:a6:68:25:eb:85', '24:4b:81:b6:5f:42', '00:fc:8b:81:ce:2c', 'ec:9b:f3:fa:3d:56']"
2018-03-06,11,0,26,31,1,30,11:26,2,1,14,"['b8:27:eb:64:2c:fc', 'dc:ef:ca:56:c4:7d', '8c:85:90:84:50:96', 'ac:bc:32:9f:d1:2d', '8c:f5:a3:87:5e:8e', '02:8d:61:f2:fe:31', '7c:7a:91:d4:46:80', 'd0:13:fd:24:52:bb', 'b8:86:87:96:05:51', '48:88:ca:42:c1:f9', 'a8:a6:68:25:eb:85', '24:4b:81:b6:5f:42', '00:fc:8b:81:ce:2c', 'ec:9b:f3:fa:3d:56']"
2018-03-06,11,0,27,31,1,31,11:27,2,1,14,"['b8:27:eb:64:2c:fc', 'dc:ef:ca:56:c4:7d', '8c:85:90:84:50:96', 'ac:bc:32:9f:d1:2d', '8c:f5:a3:87:5e:8e', '02:8d:61:f2:fe:31', '7c:7a:91:d4:46:80', 'd0:13:fd:24:52:bb', 'b8:86:87:96:05:51', '48:88:ca:42:c1:f9', 'a8:a6:68:25:eb:85', '24:4b:81:b6:5f:42', '00:fc:8b:81:ce:2c', 'ec:9b:f3:fa:3d:56']"
2018-03-06,11,0,28,33,1,32,11:28,2,1,14,"['b8:27:eb:64:2c:fc', 'dc:ef:ca:56:c4:7d', '8c:85:90:84:50:96', 'ac:bc:32:9f:d1:2d', '8c:f5:a3:87:5e:8e', '02:8d:61:f2:fe:31', '7c:7a:91:d4:46:80', 'd0:13:fd:24:52:bb', 'b8:86:87:96:05:51', '48:88:ca:42:c1:f9', 'a8:a6:68:25:eb:85', '24:4b:81:b6:5f:42', '00:fc:8b:81:ce:2c', 'ec:9b:f3:fa:3d:56']"
2018-03-06,11,0,29,35,1,33,11:29,2,1,14,"['b8:27:eb:64:2c:fc', 'dc:ef:ca:56:c4:7d', '8c:85:90:84:50:96', 'ac:bc:32:9f:d1:2d', '8c:f5:a3:87:5e:8e', '02:8d:61:f2:fe:31', '7c:7a:91:d4:46:80', 'd0:13:fd:24:52:bb', 'b8:86:87:96:05:51', '48:88:ca:42:c1:f9', 'a8:a6:68:25:eb:85', '24:4b:81:b6:5f:42', '00:fc:8b:81:ce:2c', 'ec:9b:f3:fa:3d:56']"
2018-03-06,11,0,31,37,1,34,11:31,2,1,13,"['b8:27:eb:64:2c:fc', 'dc:ef:ca:56:c4:7d', '8c:85:90:84:50:96', 'ac:bc:32:9f:d1:2d', '8c:f5:a3:87:5e:8e', '02:8d:61:f2:fe:31', 'd0:13:fd:24:52:bb', 'b8:86:87:96:05:51', '48:88:ca:42:c1:f9', 'a8:a6:68:25:eb:85', '24:4b:81:b6:5f:42', '00:fc:8b:81:ce:2c', 'ec:9b:f3:fa:3d:56']"
2018-03-06,11,0,32,37,1,35,11:32,2,1,13,"['b8:27:eb:64:2c:fc', 'dc:ef:ca:56:c4:7d', '8c:85:90:84:50:96', 'ac:bc:32:9f:d1:2d', '8c:f5:a3:87:5e:8e', '02:8d:61:f2:fe:31', 'd0:13:fd:24:52:bb', 'b8:86:87:96:05:51', '48:88:ca:42:c1:f9', 'a8:a6:68:25:eb:85', '24:4b:81:b6:5f:42', '00:fc:8b:81:ce:2c', 'ec:9b:f3:fa:3d:56']"
2018-03-06,11,0,34,37,1,36,11:34,2,1,13,"['b8:27:eb:64:2c:fc', 'dc:ef:ca:56:c4:7d', '8c:85:90:84:50:96', 'ac:bc:32:9f:d1:2d', '8c:f5:a3:87:5e:8e', '02:8d:61:f2:fe:31', 'd0:13:fd:24:52:bb', 'b8:86:87:96:05:51', '48:88:ca:42:c1:f9', 'a8:a6:68:25:eb:85', '24:4b:81:b6:5f:42', '00:fc:8b:81:ce:2c', 'ec:9b:f3:fa:3d:56']"
2018-03-06,11,0,36,39,1,37,11:36,2,1,12,"['b8:27:eb:64:2c:fc', 'dc:ef:ca:56:c4:7d', '8c:85:90:84:50:96', 'ac:bc:32:9f:d1:2d', '8c:f5:a3:87:5e:8e', 'd0:13:fd:24:52:bb', 'b8:86:87:96:05:51', '48:88:ca:42:c1:f9', 'a8:a6:68:25:eb:85', '24:4b:81:b6:5f:42', '00:fc:8b:81:ce:2c', 'ec:9b:f3:fa:3d:56']"
2018-03-06,7,0,40,11,1,5,7:40,3,1,3,"['b8:27:eb:64:2c:fc', '00:fc:8b:04:71:12', '5c:af:06:61:89:9b']"
2018-03-06,7,0,42,8,1,7,7:42,3,1,4,"['b8:27:eb:64:2c:fc', '00:fc:8b:04:71:12', '5c:af:06:61:89:9b', '48:db:50:35:d4:e7']"
2018-03-06,7,0,46,9,1,9,7:46,3,1,4,"['b8:27:eb:64:2c:fc', '00:fc:8b:04:71:12', '5c:af:06:61:89:9b', '48:db:50:35:d4:e7']"
2018-03-06,7,0,47,12,1,10,7:47,3,1,4,"['b8:27:eb:64:2c:fc', '00:fc:8b:04:71:12', '5c:af:06:61:89:9b', '48:db:50:35:d4:e7']"
2018-03-06,7,0,49,15,1,12,7:49,3,1,5,"['b8:27:eb:64:2c:fc', '00:fc:8b:04:71:12', '5c:af:06:61:89:9b', '48:db:50:35:d4:e7', 'c0:ce:cd:e9:79:85']"
2018-03-06,7,0,51,16,1,13,7:51,3,1,6,"['b8:27:eb:64:2c:fc', '00:fc:8b:04:71:12', '5c:af:06:61:89:9b', '48:db:50:35:d4:e7', 'c0:ce:cd:e9:79:85', '3a:46:a7:e5:fc:b1']"
2018-03-06,7,0,52,15,1,14,7:52,3,1,6,"['b8:27:eb:64:2c:fc', '00:fc:8b:04:71:12', '5c:af:06:61:89:9b', '48:db:50:35:d4:e7', 'c0:ce:cd:e9:79:85', '3a:46:a7:e5:fc:b1']"
2018-03-06,7,0,53,13,1,15,7:53,3,1,7,"['b8:27:eb:64:2c:fc', '00:fc:8b:04:71:12', '5c:af:06:61:89:9b', '48:db:50:35:d4:e7', 'c0:ce:cd:e9:79:85', '3a:46:a7:e5:fc:b1', '98:01:a7:91:61:df']"
2018-03-06,7,0,54,12,1,16,7:54,3,1,7,"['b8:27:eb:64:2c:fc', '00:fc:8b:04:71:12', '5c:af:06:61:89:9b', '48:db:50:35:d4:e7', 'c0:ce:cd:e9:79:85', '3a:46:a7:e5:fc:b1', '98:01:a7:91:61:df']"
2018-03-06,7,0,56,13,1,18,7:56,3,1,7,"['b8:27:eb:64:2c:fc', '00:fc:8b:04:71:12', '5c:af:06:61:89:9b', '48:db:50:35:d4:e7', 'c0:ce:cd:e9:79:85', '3a:46:a7:e5:fc:b1', '98:01:a7:91:61:df']"
2018-03-06,7,0,57,13,1,19,7:57,3,1,7,"['b8:27:eb:64:2c:fc', '00:fc:8b:04:71:12', '5c:af:06:61:89:9b', '48:db:50:35:d4:e7', 'c0:ce:cd:e9:79:85', '3a:46:a7:e5:fc:b1', '98:01:a7:91:61:df']"
2018-03-06,7,0,58,14,1,20,7:58,3,1,8,"['b8:27:eb:64:2c:fc', '00:fc:8b:04:71:12', '5c:af:06:61:89:9b', '48:db:50:35:d4:e7', 'c0:ce:cd:e9:79:85', '3a:46:a7:e5:fc:b1', '98:01:a7:91:61:df', 'a0:cc:2b:9a:a4:b3']"
2018-03-06,7,0,59,16,1,21,7:59,3,1,8,"['b8:27:eb:64:2c:fc', '00:fc:8b:04:71:12', '5c:af:06:61:89:9b', '48:db:50:35:d4:e7', 'c0:ce:cd:e9:79:85', '3a:46:a7:e5:fc:b1', '98:01:a7:91:61:df', 'a0:cc:2b:9a:a4:b3']"
2018-03-06,8,0,0,18,1,22,8:00,3,1,8,"['b8:27:eb:64:2c:fc', '00:fc:8b:04:71:12', '5c:af:06:61:89:9b', '48:db:50:35:d4:e7', 'c0:ce:cd:e9:79:85', '3a:46:a7:e5:fc:b1', '98:01:a7:91:61:df', 'a0:cc:2b:9a:a4:b3']"
2018-03-06,8,0,2,20,1,24,8:02,3,1,9,"['b8:27:eb:64:2c:fc', '00:fc:8b:04:71:12', '5c:af:06:61:89:9b', '48:db:50:35:d4:e7', 'c0:ce:cd:e9:79:85', '3a:46:a7:e5:fc:b1', '98:01:a7:91:61:df', 'a0:cc:2b:9a:a4:b3', '40:4e:36:20:3b:fb']"
2018-03-06,8,0,3,22,1,25,8:03,3,1,9,"['b8:27:eb:64:2c:fc', '00:fc:8b:04:71:12', '5c:af:06:61:89:9b', '48:db:50:35:d4:e7', 'c0:ce:cd:e9:79:85', '3a:46:a7:e5:fc:b1', '98:01:a7:91:61:df', 'a0:cc:2b:9a:a4:b3', '40:4e:36:20:3b:fb']"
2018-03-06,8,0,5,23,1,27,8:05,3,1,10,"['b8:27:eb:64:2c:fc', '00:fc:8b:04:71:12', '5c:af:06:61:89:9b', '48:db:50:35:d4:e7', 'c0:ce:cd:e9:79:85', '3a:46:a7:e5:fc:b1', '98:01:a7:91:61:df', 'a0:cc:2b:9a:a4:b3', '40:4e:36:20:3b:fb', 'fc:65:de:f1:2d:f8']"
2018-03-06,8,0,7,22,1,28,8:07,3,1,10,"['b8:27:eb:64:2c:fc', '00:fc:8b:04:71:12', '5c:af:06:61:89:9b', '48:db:50:35:d4:e7', 'c0:ce:cd:e9:79:85', '3a:46:a7:e5:fc:b1', '98:01:a7:91:61:df', 'a0:cc:2b:9a:a4:b3', '40:4e:36:20:3b:fb', 'fc:65:de:f1:2d:f8']"
2018-03-06,8,0,7,23,1,29,8:07,3,1,10,"['b8:27:eb:64:2c:fc', '00:fc:8b:04:71:12', '5c:af:06:61:89:9b', '48:db:50:35:d4:e7', 'c0:ce:cd:e9:79:85', '3a:46:a7:e5:fc:b1', '98:01:a7:91:61:df', 'a0:cc:2b:9a:a4:b3', '40:4e:36:20:3b:fb', 'fc:65:de:f1:2d:f8']"
2018-03-06,8,0,9,25,1,30,8:09,3,1,11,"['b8:27:eb:64:2c:fc', '00:fc:8b:04:71:12', '5c:af:06:61:89:9b', '48:db:50:35:d4:e7', 'c0:ce:cd:e9:79:85', '3a:46:a7:e5:fc:b1', '98:01:a7:91:61:df', 'a0:cc:2b:9a:a4:b3', '40:4e:36:20:3b:fb', 'fc:65:de:f1:2d:f8', 'ec:1f:72:e7:a7:25']"
2018-03-06,8,0,11,25,1,31,8:11,3,1,9,"['b8:27:eb:64:2c:fc', '00:fc:8b:04:71:12', '5c:af:06:61:89:9b', '3a:46:a7:e5:fc:b1', '98:01:a7:91:61:df', 'a0:cc:2b:9a:a4:b3', '40:4e:36:20:3b:fb', 'fc:65:de:f1:2d:f8', 'ec:1f:72:e7:a7:25']"
2018-03-06,8,0,13,27,1,34,8:13,3,1,12,"['b8:27:eb:64:2c:fc', '00:fc:8b:04:71:12', '5c:af:06:61:89:9b', '3a:46:a7:e5:fc:b1', '98:01:a7:91:61:df', 'a0:cc:2b:9a:a4:b3', '40:4e:36:20:3b:fb', 'fc:65:de:f1:2d:f8', 'ec:1f:72:e7:a7:25', 'ac:0d:1b:a1:63:52', 'a4:67:06:09:c7:d5', 'c0:bd:d1:7b:94:8d']"
2018-03-06,8,0,30,24,1,40,8:30,3,1,11,"['b8:27:eb:64:2c:fc', '5c:af:06:61:89:9b', '3a:46:a7:e5:fc:b1', '98:01:a7:91:61:df', 'a0:cc:2b:9a:a4:b3', '40:4e:36:20:3b:fb', 'fc:65:de:f1:2d:f8', 'ec:1f:72:e7:a7:25', 'ac:0d:1b:a1:63:52', 'a4:67:06:09:c7:d5', 'c0:bd:d1:7b:94:8d']"
2018-03-06,8,1,32,0,1,43,8:32,3,1,6,"['a0:cc:2b:9a:a4:b3', '40:4e:36:20:3b:fb', 'fc:65:de:f1:2d:f8', 'ec:1f:72:e7:a7:25', 'a4:67:06:09:c7:d5', 'c0:bd:d1:7b:94:8d']"
2018-03-01,11,0,3,6,1,1,11:03,4,1,5,"['48:db:50:35:d4:e7', 'b8:27:eb:64:2c:fc', '00:18:16:10:16:63', 'a0:cc:2b:92:0e:1a', 'a4:08:ea:2c:ec:47']"
2018-03-01,11,0,4,7,1,2,11:04,4,1,7,"['48:db:50:35:d4:e7', 'b8:27:eb:64:2c:fc', '00:18:16:10:16:63', 'a0:cc:2b:92:0e:1a', 'a4:08:ea:2c:ec:47', '98:01:a7:b5:88:8d', '14:1f:78:98:4e:b8']"
2018-03-01,11,0,6,8,1,4,11:06,4,1,7,"['48:db:50:35:d4:e7', 'b8:27:eb:64:2c:fc', '00:18:16:10:16:63', 'a0:cc:2b:92:0e:1a', 'a4:08:ea:2c:ec:47', '98:01:a7:b5:88:8d', '14:1f:78:98:4e:b8']"
2018-03-01,11,0,8,9,1,6,11:08,4,1,7,"['48:db:50:35:d4:e7', 'b8:27:eb:64:2c:fc', '00:18:16:10:16:63', 'a0:cc:2b:92:0e:1a', 'a4:08:ea:2c:ec:47', '98:01:a7:b5:88:8d', '14:1f:78:98:4e:b8']"
2018-03-01,11,0,10,10,1,7,11:10,4,1,9,"['48:db:50:35:d4:e7', 'b8:27:eb:64:2c:fc', '00:18:16:10:16:63', 'a0:cc:2b:92:0e:1a', 'a4:08:ea:2c:ec:47', '98:01:a7:b5:88:8d', '14:1f:78:98:4e:b8', 'aa:f8:1c:ee:c3:ff', '88:79:7e:55:a0:60']"
2018-03-01,11,0,11,11,1,8,11:11,4,1,10,"['48:db:50:35:d4:e7', 'b8:27:eb:64:2c:fc', '00:18:16:10:16:63', 'a0:cc:2b:92:0e:1a', 'a4:08:ea:2c:ec:47', '98:01:a7:b5:88:8d', '14:1f:78:98:4e:b8', 'aa:f8:1c:ee:c3:ff', '88:79:7e:55:a0:60', '64:9a:be:2b:fd:ca']"
2018-03-01,11,0,13,10,1,10,11:13,4,1,10,"['48:db:50:35:d4:e7', 'b8:27:eb:64:2c:fc', '00:18:16:10:16:63', 'a0:cc:2b:92:0e:1a', 'a4:08:ea:2c:ec:47', '98:01:a7:b5:88:8d', '14:1f:78:98:4e:b8', 'aa:f8:1c:ee:c3:ff', '88:79:7e:55:a0:60', '64:9a:be:2b:fd:ca']"
2018-03-01,11,0,14,10,1,13,11:14,4,1,10,"['48:db:50:35:d4:e7', 'b8:27:eb:64:2c:fc', '00:18:16:10:16:63', 'a0:cc:2b:92:0e:1a', 'a4:08:ea:2c:ec:47', '98:01:a7:b5:88:8d', '14:1f:78:98:4e:b8', 'aa:f8:1c:ee:c3:ff', '88:79:7e:55:a0:60', '64:9a:be:2b:fd:ca']"
2018-03-01,11,0,18,13,1,15,11:18,4,1,11,"['48:db:50:35:d4:e7', 'b8:27:eb:64:2c:fc', '00:18:16:10:16:63', 'a0:cc:2b:92:0e:1a', 'a4:08:ea:2c:ec:47', '98:01:a7:b5:88:8d', '14:1f:78:98:4e:b8', 'aa:f8:1c:ee:c3:ff', '88:79:7e:55:a0:60', '64:9a:be:2b:fd:ca', 'a4:70:d6:6c:58:81']"
2018-03-01,11,0,21,15,1,17,11:21,4,1,11,"['48:db:50:35:d4:e7', 'b8:27:eb:64:2c:fc', '00:18:16:10:16:63', 'a0:cc:2b:92:0e:1a', 'a4:08:ea:2c:ec:47', '98:01:a7:b5:88:8d', '14:1f:78:98:4e:b8', 'aa:f8:1c:ee:c3:ff', '88:79:7e:55:a0:60', '64:9a:be:2b:fd:ca', 'a4:70:d6:6c:58:81']"
2018-03-01,11,0,23,16,1,20,11:23,4,1,12,"['48:db:50:35:d4:e7', 'b8:27:eb:64:2c:fc', '00:18:16:10:16:63', 'a0:cc:2b:92:0e:1a', 'a4:08:ea:2c:ec:47', '98:01:a7:b5:88:8d', '14:1f:78:98:4e:b8', 'aa:f8:1c:ee:c3:ff', '88:79:7e:55:a0:60', '64:9a:be:2b:fd:ca', 'a4:70:d6:6c:58:81', '48:4b:aa:a3:b3:d2']"
2018-03-01,11,0,25,21,1,21,11:25,4,1,12,"['48:db:50:35:d4:e7', 'b8:27:eb:64:2c:fc', '00:18:16:10:16:63', 'a0:cc:2b:92:0e:1a', 'a4:08:ea:2c:ec:47', '98:01:a7:b5:88:8d', '14:1f:78:98:4e:b8', 'aa:f8:1c:ee:c3:ff', '88:79:7e:55:a0:60', '64:9a:be:2b:fd:ca', 'a4:70:d6:6c:58:81', '48:4b:aa:a3:b3:d2']"
2018-03-01,11,0,29,20,1,24,11:29,4,1,12,"['48:db:50:35:d4:e7', 'b8:27:eb:64:2c:fc', '00:18:16:10:16:63', 'a0:cc:2b:92:0e:1a', 'a4:08:ea:2c:ec:47', '98:01:a7:b5:88:8d', '14:1f:78:98:4e:b8', 'aa:f8:1c:ee:c3:ff', '88:79:7e:55:a0:60', '64:9a:be:2b:fd:ca', 'a4:70:d6:6c:58:81', '48:4b:aa:a3:b3:d2']"
2018-03-01,11,0,31,22,1,25,11:31,4,1,12,"['48:db:50:35:d4:e7', 'b8:27:eb:64:2c:fc', '00:18:16:10:16:63', 'a0:cc:2b:92:0e:1a', 'a4:08:ea:2c:ec:47', '98:01:a7:b5:88:8d', '14:1f:78:98:4e:b8', 'aa:f8:1c:ee:c3:ff', '88:79:7e:55:a0:60', '64:9a:be:2b:fd:ca', 'a4:70:d6:6c:58:81', '48:4b:aa:a3:b3:d2']"
2018-03-01,11,0,32,23,1,27,11:32,4,1,11,"['48:db:50:35:d4:e7', 'b8:27:eb:64:2c:fc', '00:18:16:10:16:63', 'a0:cc:2b:92:0e:1a', 'a4:08:ea:2c:ec:47', '98:01:a7:b5:88:8d', '14:1f:78:98:4e:b8', 'aa:f8:1c:ee:c3:ff', '88:79:7e:55:a0:60', 'a4:70:d6:6c:58:81', '48:4b:aa:a3:b3:d2']"
2018-03-01,11,0,33,18,1,28,11:33,4,1,12,"['48:db:50:35:d4:e7', 'b8:27:eb:64:2c:fc', '00:18:16:10:16:63', 'a0:cc:2b:92:0e:1a', 'a4:08:ea:2c:ec:47', '98:01:a7:b5:88:8d', '14:1f:78:98:4e:b8', 'aa:f8:1c:ee:c3:ff', '88:79:7e:55:a0:60', 'a4:70:d6:6c:58:81', '48:4b:aa:a3:b3:d2', 'f4:09:d8:f4:07:a2']"
2018-03-01,11,0,34,19,1,29,11:34,4,1,12,"['48:db:50:35:d4:e7', 'b8:27:eb:64:2c:fc', '00:18:16:10:16:63', 'a0:cc:2b:92:0e:1a', 'a4:08:ea:2c:ec:47', '98:01:a7:b5:88:8d', '14:1f:78:98:4e:b8', 'aa:f8:1c:ee:c3:ff', '88:79:7e:55:a0:60', 'a4:70:d6:6c:58:81', '48:4b:aa:a3:b3:d2', 'f4:09:d8:f4:07:a2']"
2018-03-01,11,0,36,21,1,32,11:36,4,1,12,"['48:db:50:35:d4:e7', 'b8:27:eb:64:2c:fc', '00:18:16:10:16:63', 'a0:cc:2b:92:0e:1a', 'a4:08:ea:2c:ec:47', '98:01:a7:b5:88:8d', '14:1f:78:98:4e:b8', 'aa:f8:1c:ee:c3:ff', '88:79:7e:55:a0:60', 'a4:70:d6:6c:58:81', '48:4b:aa:a3:b3:d2', 'f4:09:d8:f4:07:a2']"
2018-03-01,11,0,37,20,1,33,11:37,4,1,11,"['48:db:50:35:d4:e7', 'b8:27:eb:64:2c:fc', '00:18:16:10:16:63', 'a0:cc:2b:92:0e:1a', '98:01:a7:b5:88:8d', '14:1f:78:98:4e:b8', 'aa:f8:1c:ee:c3:ff', '88:79:7e:55:a0:60', 'a4:70:d6:6c:58:81', '48:4b:aa:a3:b3:d2', 'f4:09:d8:f4:07:a2']"
2018-03-01,11,0,39,22,1,35,11:39,4,1,10,"['48:db:50:35:d4:e7', 'b8:27:eb:64:2c:fc', '00:18:16:10:16:63', 'a0:cc:2b:92:0e:1a', '98:01:a7:b5:88:8d', '14:1f:78:98:4e:b8', 'aa:f8:1c:ee:c3:ff', 'a4:70:d6:6c:58:81', '48:4b:aa:a3:b3:d2', 'f4:09:d8:f4:07:a2']"
2018-03-01,11,0,41,24,1,37,11:41,4,1,10,"['48:db:50:35:d4:e7', 'b8:27:eb:64:2c:fc', '00:18:16:10:16:63', 'a0:cc:2b:92:0e:1a', '98:01:a7:b5:88:8d', '14:1f:78:98:4e:b8', 'aa:f8:1c:ee:c3:ff', 'a4:70:d6:6c:58:81', '48:4b:aa:a3:b3:d2', 'f4:09:d8:f4:07:a2']"
2018-03-01,11,0,42,34,1,38,11:42,4,1,10,"['48:db:50:35:d4:e7', 'b8:27:eb:64:2c:fc', '00:18:16:10:16:63', 'a0:cc:2b:92:0e:1a', '98:01:a7:b5:88:8d', '14:1f:78:98:4e:b8', 'aa:f8:1c:ee:c3:ff', 'a4:70:d6:6c:58:81', '48:4b:aa:a3:b3:d2', 'f4:09:d8:f4:07:a2']"
2018-03-01,11,0,43,38,1,39,11:43,4,1,10,"['48:db:50:35:d4:e7', 'b8:27:eb:64:2c:fc', '00:18:16:10:16:63', 'a0:cc:2b:92:0e:1a', '98:01:a7:b5:88:8d', '14:1f:78:98:4e:b8', 'aa:f8:1c:ee:c3:ff', 'a4:70:d6:6c:58:81', '48:4b:aa:a3:b3:d2', 'f4:09:d8:f4:07:a2']"
2018-03-01,11,0,46,25,1,40,11:46,4,1,9,"['b8:27:eb:64:2c:fc', '00:18:16:10:16:63', 'a0:cc:2b:92:0e:1a', '98:01:a7:b5:88:8d', '14:1f:78:98:4e:b8', 'aa:f8:1c:ee:c3:ff', 'a4:70:d6:6c:58:81', '48:4b:aa:a3:b3:d2', 'f4:09:d8:f4:07:a2']"
2018-03-01,11,0,47,19,1,41,11:47,4,1,7,"['00:18:16:10:16:63', 'a0:cc:2b:92:0e:1a', '14:1f:78:98:4e:b8', 'aa:f8:1c:ee:c3:ff', 'a4:70:d6:6c:58:81', '48:4b:aa:a3:b3:d2', 'f4:09:d8:f4:07:a2']"
2018-03-01,11,0,48,15,1,42,11:48,4,1,4,"['aa:f8:1c:ee:c3:ff', 'a4:70:d6:6c:58:81', '48:4b:aa:a3:b3:d2', 'f4:09:d8:f4:07:a2']"
2018-03-01,11,0,49,13,1,43,11:49,4,1,4,"['aa:f8:1c:ee:c3:ff', 'a4:70:d6:6c:58:81', '48:4b:aa:a3:b3:d2', 'f4:09:d8:f4:07:a2']"
2018-03-01,11,0,51,9,1,44,11:51,4,1,2,"['48:4b:aa:a3:b3:d2', 'f4:09:d8:f4:07:a2']"
2018-11-04,15,0,5,10,2,1,15:05,5,0,1,['b8:27:eb:68:c4:a3']
2018-11-04,15,0,6,12,2,2,15:06,5,0,2,"['b8:27:eb:68:c4:a3', '0c:72:d9:08:9f:3e']"
2018-11-04,15,0,8,13,2,3,15:08,5,0,2,"['b8:27:eb:68:c4:a3', '0c:72:d9:08:9f:3e']"
2018-11-04,15,0,10,25,2,4,15:10,5,0,2,"['b8:27:eb:68:c4:a3', '0c:72:d9:08:9f:3e']"
2018-11-04,15,0,14,22,2,5,15:14,5,0,2,"['b8:27:eb:68:c4:a3', '0c:72:d9:08:9f:3e']"
2018-11-04,15,0,15,23,2,6,15:15,5,0,2,"['b8:27:eb:68:c4:a3', '0c:72:d9:08:9f:3e']"
2018-11-04,15,0,15,19,2,7,15:15,5,0,2,"['b8:27:eb:68:c4:a3', '0c:72:d9:08:9f:3e']"
2018-11-04,15,0,18,20,2,8,15:18,5,0,2,"['b8:27:eb:68:c4:a3', '0c:72:d9:08:9f:3e']"
2018-11-04,15,0,22,21,2,9,15:22,5,0,2,"['b8:27:eb:68:c4:a3', '0c:72:d9:08:9f:3e']"
2018-11-04,15,0,24,22,2,10,15:24,5,0,5,"['b8:27:eb:68:c4:a3', '0c:72:d9:08:9f:3e', '8c:85:90:96:ad:eb', '50:a6:7f:84:32:d2', '90:06:28:1b:49:81']"
2018-11-04,15,0,26,28,2,11,15:26,5,0,5,"['b8:27:eb:68:c4:a3', '0c:72:d9:08:9f:3e', '8c:85:90:96:ad:eb', '50:a6:7f:84:32:d2', '90:06:28:1b:49:81']"
2018-11-04,15,0,27,31,2,12,15:27,5,0,7,"['b8:27:eb:68:c4:a3', '0c:72:d9:08:9f:3e', '8c:85:90:96:ad:eb', '50:a6:7f:84:32:d2', '90:06:28:1b:49:81', 'd0:77:14:ba:d7:67', '98:ca:33:74:62:e3']"
2018-11-04,15,0,28,32,2,13,15:28,5,0,8,"['b8:27:eb:68:c4:a3', '0c:72:d9:08:9f:3e', '8c:85:90:96:ad:eb', '50:a6:7f:84:32:d2', '90:06:28:1b:49:81', 'd0:77:14:ba:d7:67', '98:ca:33:74:62:e3', 'd4:38:9c:1d:fc:ac']"
2018-11-04,15,0,29,31,2,14,15:29,5,0,8,"['b8:27:eb:68:c4:a3', '0c:72:d9:08:9f:3e', '8c:85:90:96:ad:eb', '50:a6:7f:84:32:d2', '90:06:28:1b:49:81', 'd0:77:14:ba:d7:67', '98:ca:33:74:62:e3', 'd4:38:9c:1d:fc:ac']"
2018-11-04,15,0,30,32,2,16,15:30,5,0,8,"['b8:27:eb:68:c4:a3', '0c:72:d9:08:9f:3e', '8c:85:90:96:ad:eb', '50:a6:7f:84:32:d2', '90:06:28:1b:49:81', 'd0:77:14:ba:d7:67', '98:ca:33:74:62:e3', 'd4:38:9c:1d:fc:ac']"
2018-11-04,15,0,31,31,2,17,15:31,5,0,8,"['b8:27:eb:68:c4:a3', '0c:72:d9:08:9f:3e', '8c:85:90:96:ad:eb', '50:a6:7f:84:32:d2', '90:06:28:1b:49:81', 'd0:77:14:ba:d7:67', '98:ca:33:74:62:e3', 'd4:38:9c:1d:fc:ac']"
2018-11-04,15,0,33,27,2,18,15:33,5,0,8,"['b8:27:eb:68:c4:a3', '0c:72:d9:08:9f:3e', '8c:85:90:96:ad:eb', '50:a6:7f:84:32:d2', '90:06:28:1b:49:81', 'd0:77:14:ba:d7:67', '98:ca:33:74:62:e3', 'd4:38:9c:1d:fc:ac']"
2018-11-04,15,0,34,25,2,19,15:34,5,0,7,"['b8:27:eb:68:c4:a3', '8c:85:90:96:ad:eb', '50:a6:7f:84:32:d2', '90:06:28:1b:49:81', 'd0:77:14:ba:d7:67', '98:ca:33:74:62:e3', 'd4:38:9c:1d:fc:ac']"
2018-11-04,15,0,37,28,2,22,15:37,5,0,7,"['b8:27:eb:68:c4:a3', '8c:85:90:96:ad:eb', '50:a6:7f:84:32:d2', '90:06:28:1b:49:81', 'd0:77:14:ba:d7:67', '98:ca:33:74:62:e3', 'd4:38:9c:1d:fc:ac']"
2018-11-04,15,0,38,26,2,23,15:38,5,0,7,"['b8:27:eb:68:c4:a3', '8c:85:90:96:ad:eb', '50:a6:7f:84:32:d2', '90:06:28:1b:49:81', 'd0:77:14:ba:d7:67', '98:ca:33:74:62:e3', 'd4:38:9c:1d:fc:ac']"
2018-11-04,15,0,38,27,2,24,15:38,5,0,7,"['b8:27:eb:68:c4:a3', '8c:85:90:96:ad:eb', '50:a6:7f:84:32:d2', '90:06:28:1b:49:81', 'd0:77:14:ba:d7:67', '98:ca:33:74:62:e3', 'd4:38:9c:1d:fc:ac']"
2018-11-04,15,0,40,25,2,26,15:40,5,0,7,"['b8:27:eb:68:c4:a3', '8c:85:90:96:ad:eb', '50:a6:7f:84:32:d2', '90:06:28:1b:49:81', 'd0:77:14:ba:d7:67', '98:ca:33:74:62:e3', 'd4:38:9c:1d:fc:ac']"
2018-11-04,15,0,42,24,2,29,15:42,5,0,6,"['b8:27:eb:68:c4:a3', '8c:85:90:96:ad:eb', '90:06:28:1b:49:81', 'd0:77:14:ba:d7:67', '98:ca:33:74:62:e3', 'd4:38:9c:1d:fc:ac']"
2018-11-04,15,0,44,13,2,30,15:44,5,0,5,"['b8:27:eb:68:c4:a3', '8c:85:90:96:ad:eb', '90:06:28:1b:49:81', '98:ca:33:74:62:e3', 'd4:38:9c:1d:fc:ac']"
2018-11-04,15,0,45,12,2,31,15:45,5,0,3,"['b8:27:eb:68:c4:a3', '8c:85:90:96:ad:eb', 'd4:38:9c:1d:fc:ac']"
2018-11-04,15,0,46,10,2,32,15:46,5,0,1,['b8:27:eb:68:c4:a3']
2018-11-04,15,1,47,0,2,33,15:47,5,0,1,['b8:27:eb:68:c4:a3']
2018-11-04,16,0,55,2,2,1,16:55,6,0,0,[]
2018-11-04,16,0,57,3,2,3,16:57,6,0,1,['b8:27:eb:68:c4:a3']
2018-11-04,16,0,58,5,2,4,16:58,6,0,1,['b8:27:eb:68:c4:a3']
2018-11-04,16,0,59,7,2,5,16:59,6,0,1,['b8:27:eb:68:c4:a3']
2018-11-04,17,0,0,8,2,6,17:00,6,0,1,['b8:27:eb:68:c4:a3']
2018-11-04,17,0,5,6,2,11,17:05,6,0,1,['b8:27:eb:68:c4:a3']
2018-11-04,17,0,7,10,2,14,17:07,6,0,1,['b8:27:eb:68:c4:a3']
2018-11-04,17,0,8,9,2,17,17:08,6,0,1,['b8:27:eb:68:c4:a3']
2018-11-04,17,0,11,16,2,18,17:11,6,0,1,['b8:27:eb:68:c4:a3']
2018-11-04,17,0,13,17,2,19,17:13,6,0,1,['b8:27:eb:68:c4:a3']
2018-11-04,17,0,16,19,2,22,17:16,6,0,1,['b8:27:eb:68:c4:a3']
2018-11-04,17,0,21,18,2,28,17:21,6,0,1,['b8:27:eb:68:c4:a3']
2018-11-08,15,0,5,29,2,10,15:05,7,1,2,"['b8:27:eb:68:c4:a3', '8c:85:90:7c:90:8e']"
2018-11-08,15,0,7,30,2,11,15:07,7,1,2,"['b8:27:eb:68:c4:a3', '8c:85:90:7c:90:8e']"
2018-11-08,15,0,9,36,2,12,15:09,7,1,3,"['b8:27:eb:68:c4:a3', '8c:85:90:7c:90:8e', 'dc:ef:ca:de:9b:b6']"
2018-11-08,15,0,10,39,2,13,15:10,7,1,4,"['b8:27:eb:68:c4:a3', '8c:85:90:7c:90:8e', 'dc:ef:ca:de:9b:b6', '6a:cb:30:3b:24:2d']"
2018-11-08,15,0,11,39,2,14,15:11,7,1,7,"['b8:27:eb:68:c4:a3', '8c:85:90:7c:90:8e', 'dc:ef:ca:de:9b:b6', '6a:cb:30:3b:24:2d', 'b8:d7:af:b3:11:80', 'dc:ef:ca:49:87:60', '98:00:c6:51:70:5c']"
2018-11-08,15,0,12,35,2,15,15:12,7,1,8,"['b8:27:eb:68:c4:a3', '8c:85:90:7c:90:8e', 'dc:ef:ca:de:9b:b6', '6a:cb:30:3b:24:2d', 'b8:d7:af:b3:11:80', 'dc:ef:ca:49:87:60', '98:00:c6:51:70:5c', '08:c5:e1:99:14:87']"
2018-11-08,15,0,13,32,2,16,15:13,7,1,9,"['b8:27:eb:68:c4:a3', '8c:85:90:7c:90:8e', 'dc:ef:ca:de:9b:b6', '6a:cb:30:3b:24:2d', 'b8:d7:af:b3:11:80', 'dc:ef:ca:49:87:60', '98:00:c6:51:70:5c', '08:c5:e1:99:14:87', 'cc:fd:17:d2:f5:e0']"
2018-11-08,15,0,14,33,2,17,15:14,7,1,9,"['b8:27:eb:68:c4:a3', '8c:85:90:7c:90:8e', 'dc:ef:ca:de:9b:b6', '6a:cb:30:3b:24:2d', 'b8:d7:af:b3:11:80', 'dc:ef:ca:49:87:60', '98:00:c6:51:70:5c', '08:c5:e1:99:14:87', 'cc:fd:17:d2:f5:e0']"
2018-11-08,15,0,15,31,2,18,15:15,7,1,9,"['b8:27:eb:68:c4:a3', '8c:85:90:7c:90:8e', 'dc:ef:ca:de:9b:b6', '6a:cb:30:3b:24:2d', 'b8:d7:af:b3:11:80', 'dc:ef:ca:49:87:60', '98:00:c6:51:70:5c', '08:c5:e1:99:14:87', 'cc:fd:17:d2:f5:e0']"
2018-11-08,15,0,18,26,2,19,15:18,7,1,9,"['b8:27:eb:68:c4:a3', '8c:85:90:7c:90:8e', 'dc:ef:ca:de:9b:b6', '6a:cb:30:3b:24:2d', 'b8:d7:af:b3:11:80', 'dc:ef:ca:49:87:60', '98:00:c6:51:70:5c', '08:c5:e1:99:14:87', 'cc:fd:17:d2:f5:e0']"
2018-11-08,15,0,19,27,2,20,15:19,7,1,9,"['b8:27:eb:68:c4:a3', '8c:85:90:7c:90:8e', 'dc:ef:ca:de:9b:b6', '6a:cb:30:3b:24:2d', 'b8:d7:af:b3:11:80', 'dc:ef:ca:49:87:60', '98:00:c6:51:70:5c', '08:c5:e1:99:14:87', 'cc:fd:17:d2:f5:e0']"
2018-11-08,15,0,21,26,2,21,15:21,7,1,9,"['b8:27:eb:68:c4:a3', '8c:85:90:7c:90:8e', 'dc:ef:ca:de:9b:b6', '6a:cb:30:3b:24:2d', 'b8:d7:af:b3:11:80', 'dc:ef:ca:49:87:60', '98:00:c6:51:70:5c', '08:c5:e1:99:14:87', 'cc:fd:17:d2:f5:e0']"
2018-11-08,15,0,23,25,2,24,15:23,7,1,10,"['b8:27:eb:68:c4:a3', '8c:85:90:7c:90:8e', 'dc:ef:ca:de:9b:b6', '6a:cb:30:3b:24:2d', 'b8:d7:af:b3:11:80', 'dc:ef:ca:49:87:60', '98:00:c6:51:70:5c', '08:c5:e1:99:14:87', 'cc:fd:17:d2:f5:e0', '54:13:79:9C:6E:C8']"
2018-11-08,15,0,25,24,2,27,15:25,7,1,12,"['b8:27:eb:68:c4:a3', '8c:85:90:7c:90:8e', 'dc:ef:ca:de:9b:b6', '6a:cb:30:3b:24:2d', 'b8:d7:af:b3:11:80', 'dc:ef:ca:49:87:60', '98:00:c6:51:70:5c', '08:c5:e1:99:14:87', 'cc:fd:17:d2:f5:e0', '54:13:79:9C:6E:C8', '60:01:94:65:0d:bf', '90:3A:E6:15:64:1A']"
2018-11-08,15,0,26,23,2,30,15:26,7,1,12,"['b8:27:eb:68:c4:a3', '8c:85:90:7c:90:8e', 'dc:ef:ca:de:9b:b6', '6a:cb:30:3b:24:2d', 'b8:d7:af:b3:11:80', 'dc:ef:ca:49:87:60', '98:00:c6:51:70:5c', '08:c5:e1:99:14:87', 'cc:fd:17:d2:f5:e0', '54:13:79:9C:6E:C8', '60:01:94:65:0d:bf', '90:3A:E6:15:64:1A']"
2018-11-08,15,0,27,21,2,31,15:27,7,1,11,"['b8:27:eb:68:c4:a3', '8c:85:90:7c:90:8e', 'dc:ef:ca:de:9b:b6', 'b8:d7:af:b3:11:80', 'dc:ef:ca:49:87:60', '98:00:c6:51:70:5c', '08:c5:e1:99:14:87', 'cc:fd:17:d2:f5:e0', '54:13:79:9C:6E:C8', '60:01:94:65:0d:bf', '90:3A:E6:15:64:1A']"
2018-11-08,15,0,27,20,2,32,15:27,7,1,11,"['b8:27:eb:68:c4:a3', '8c:85:90:7c:90:8e', 'dc:ef:ca:de:9b:b6', 'b8:d7:af:b3:11:80', 'dc:ef:ca:49:87:60', '98:00:c6:51:70:5c', '08:c5:e1:99:14:87', 'cc:fd:17:d2:f5:e0', '54:13:79:9C:6E:C8', '60:01:94:65:0d:bf', '90:3A:E6:15:64:1A']"
2018-11-08,15,0,29,13,2,33,15:29,7,1,11,"['b8:27:eb:68:c4:a3', '8c:85:90:7c:90:8e', 'dc:ef:ca:de:9b:b6', 'b8:d7:af:b3:11:80', 'dc:ef:ca:49:87:60', '98:00:c6:51:70:5c', '08:c5:e1:99:14:87', 'cc:fd:17:d2:f5:e0', '54:13:79:9C:6E:C8', '60:01:94:65:0d:bf', '90:3A:E6:15:64:1A']"
2018-11-08,15,0,30,11,2,34,15:30,7,1,10,"['b8:27:eb:68:c4:a3', '8c:85:90:7c:90:8e', 'dc:ef:ca:de:9b:b6', 'b8:d7:af:b3:11:80', 'dc:ef:ca:49:87:60', '98:00:c6:51:70:5c', 'cc:fd:17:d2:f5:e0', '54:13:79:9C:6E:C8', '60:01:94:65:0d:bf', '90:3A:E6:15:64:1A']"
2018-11-08,15,0,32,9,2,35,15:32,7,1,8,"['b8:27:eb:68:c4:a3', '8c:85:90:7c:90:8e', 'dc:ef:ca:49:87:60', '98:00:c6:51:70:5c', 'cc:fd:17:d2:f5:e0', '54:13:79:9C:6E:C8', '60:01:94:65:0d:bf', '90:3A:E6:15:64:1A']"
2018-11-08,15,1,33,0,2,36,15:33,7,1,7,"['b8:27:eb:68:c4:a3', '8c:85:90:7c:90:8e', 'dc:ef:ca:49:87:60', 'cc:fd:17:d2:f5:e0', '54:13:79:9C:6E:C8', '60:01:94:65:0d:bf', '90:3A:E6:15:64:1A']"
2018-11-08,15,0,38,2,2,1,15:38,8,1,6,"['b8:27:eb:68:c4:a3', '8c:85:90:7c:90:8e', 'cc:fd:17:d2:f5:e0', '54:13:79:9C:6E:C8', '60:01:94:65:0d:bf', '90:3A:E6:15:64:1A']"
2018-11-08,15,0,39,2,2,2,15:39,8,1,6,"['b8:27:eb:68:c4:a3', '8c:85:90:7c:90:8e', '54:13:79:9C:6E:C8', '60:01:94:65:0d:bf', '90:3A:E6:15:64:1A', 'd0:13:fd:63:8b:eb']"
2018-11-08,15,0,40,2,2,3,15:40,8,1,6,"['b8:27:eb:68:c4:a3', '8c:85:90:7c:90:8e', '54:13:79:9C:6E:C8', '60:01:94:65:0d:bf', '90:3A:E6:15:64:1A', 'd0:13:fd:63:8b:eb']"
2018-11-08,15,0,42,4,2,4,15:42,8,1,6,"['b8:27:eb:68:c4:a3', '8c:85:90:7c:90:8e', '54:13:79:9C:6E:C8', '60:01:94:65:0d:bf', '90:3A:E6:15:64:1A', 'd0:13:fd:63:8b:eb']"
2018-11-08,15,0,44,4,2,5,15:44,8,1,6,"['b8:27:eb:68:c4:a3', '8c:85:90:7c:90:8e', '54:13:79:9C:6E:C8', '60:01:94:65:0d:bf', '90:3A:E6:15:64:1A', 'd0:13:fd:63:8b:eb']"
2018-11-08,15,0,44,4,2,6,15:44,8,1,6,"['b8:27:eb:68:c4:a3', '8c:85:90:7c:90:8e', '54:13:79:9C:6E:C8', '60:01:94:65:0d:bf', '90:3A:E6:15:64:1A', 'd0:13:fd:63:8b:eb']"
2018-11-08,15,0,44,4,2,7,15:44,8,1,6,"['b8:27:eb:68:c4:a3', '8c:85:90:7c:90:8e', '54:13:79:9C:6E:C8', '60:01:94:65:0d:bf', '90:3A:E6:15:64:1A', 'd0:13:fd:63:8b:eb']"
2018-11-08,15,0,45,4,2,8,15:45,8,1,6,"['b8:27:eb:68:c4:a3', '8c:85:90:7c:90:8e', '54:13:79:9C:6E:C8', '60:01:94:65:0d:bf', '90:3A:E6:15:64:1A', 'd0:13:fd:63:8b:eb']"
2018-11-08,15,0,46,4,2,9,15:46,8,1,6,"['b8:27:eb:68:c4:a3', '8c:85:90:7c:90:8e', '54:13:79:9C:6E:C8', '60:01:94:65:0d:bf', '90:3A:E6:15:64:1A', 'd0:13:fd:63:8b:eb']"
2018-11-08,15,0,46,4,2,10,15:46,8,1,6,"['b8:27:eb:68:c4:a3', '8c:85:90:7c:90:8e', '54:13:79:9C:6E:C8', '60:01:94:65:0d:bf', '90:3A:E6:15:64:1A', 'd0:13:fd:63:8b:eb']"
2018-11-08,15,0,48,4,2,11,15:48,8,1,6,"['b8:27:eb:68:c4:a3', '8c:85:90:7c:90:8e', '54:13:79:9C:6E:C8', '60:01:94:65:0d:bf', '90:3A:E6:15:64:1A', 'd0:13:fd:63:8b:eb']"
2018-11-08,15,0,49,4,2,12,15:49,8,1,4,"['b8:27:eb:68:c4:a3', '8c:85:90:7c:90:8e', '54:13:79:9C:6E:C8', 'd0:13:fd:63:8b:eb']"
2018-11-08,15,0,51,4,2,13,15:51,8,1,5,"['b8:27:eb:68:c4:a3', '54:13:79:9C:6E:C8', 'd0:13:fd:63:8b:eb', 'b8:27:eb:68:c4:a3', '8c:85:90:7c:90:8e']"
2018-11-08,15,0,53,4,2,14,15:53,8,1,3,"['d0:13:fd:63:8b:eb', 'b8:27:eb:68:c4:a3', '8c:85:90:7c:90:8e']"
2018-11-08,15,0,55,7,2,15,15:55,8,1,3,"['d0:13:fd:63:8b:eb', 'b8:27:eb:68:c4:a3', '8c:85:90:7c:90:8e']"
2018-11-08,15,0,57,7,2,16,15:57,8,1,3,"['d0:13:fd:63:8b:eb', 'b8:27:eb:68:c4:a3', '8c:85:90:7c:90:8e']"
2018-11-08,15,0,58,7,2,17,15:58,8,1,3,"['d0:13:fd:63:8b:eb', 'b8:27:eb:68:c4:a3', '8c:85:90:7c:90:8e']"
2018-11-08,16,0,0,13,2,18,16:00,8,1,3,"['d0:13:fd:63:8b:eb', 'b8:27:eb:68:c4:a3', '8c:85:90:7c:90:8e']"
2018-11-08,16,0,4,11,2,19,16:04,8,1,2,"['b8:27:eb:68:c4:a3', '8c:85:90:7c:90:8e']"
2018-11-09,19,0,38,2,3,1,19:38,9,1,2,"['d0:5b:a8:d4:c0:11', '8c:85:90:7c:90:8e']"
2018-11-09,19,0,40,4,3,2,19:40,9,1,2,"['d0:5b:a8:d4:c0:11', '8c:85:90:7c:90:8e']"
2018-11-09,19,0,42,5,3,3,19:42,9,1,2,"['d0:5b:a8:d4:c0:11', '8c:85:90:7c:90:8e']"
2018-11-09,19,0,44,5,3,4,19:44,9,1,2,"['d0:5b:a8:d4:c0:11', '8c:85:90:7c:90:8e']"
2018-11-09,19,0,45,5,3,6,19:45,9,1,2,"['d0:5b:a8:d4:c0:11', '8c:85:90:7c:90:8e']"
2018-11-09,19,0,51,4,3,10,19:51,9,1,2,"['d0:5b:a8:d4:c0:11', '8c:85:90:7c:90:8e']"
2018-11-09,19,0,53,5,3,14,19:53,9,1,2,"['d0:5b:a8:d4:c0:11', '8c:85:90:7c:90:8e']"
2018-11-09,19,0,53,6,3,15,19:53,9,1,2,"['d0:5b:a8:d4:c0:11', '8c:85:90:7c:90:8e']"
2018-11-09,19,0,57,10,3,18,19:57,9,1,2,"['d0:5b:a8:d4:c0:11', '8c:85:90:7c:90:8e']"
2018-11-09,19,0,59,9,3,21,19:59,9,1,2,"['d0:5b:a8:d4:c0:11', '8c:85:90:7c:90:8e']"
2018-11-09,20,0,0,11,3,22,20:00,9,1,2,"['d0:5b:a8:d4:c0:11', '8c:85:90:7c:90:8e']"
2018-11-09,20,0,1,10,3,24,20:01,9,1,2,"['d0:5b:a8:d4:c0:11', '8c:85:90:7c:90:8e']"
2018-11-09,20,0,2,11,3,25,20:02,9,1,1,['8c:85:90:7c:90:8e']
2018-11-09,20,0,3,9,3,27,20:03,9,1,1,['8c:85:90:7c:90:8e']
2018-11-09,20,0,5,10,3,28,20:05,9,1,1,['8c:85:90:7c:90:8e']
2018-11-09,20,1,5,10,3,29,20:05,9,1,0,[]
2018-11-09,18,0,40,9,3,1,18:40,10,1,2,"['b8:27:eb:68:c4:a3', '1c:99:4c:39:56:ca']"
2018-11-09,18,0,42,10,3,4,18:42,10,1,2,"['b8:27:eb:68:c4:a3', '1c:99:4c:39:56:ca']"
2018-11-09,18,0,47,12,3,5,18:47,10,1,3,"['b8:27:eb:68:c4:a3', '1c:99:4c:39:56:ca', '8c:85:90:7c:90:8e']"
2018-11-09,18,0,48,16,3,6,18:48,10,1,3,"['b8:27:eb:68:c4:a3', '1c:99:4c:39:56:ca', '8c:85:90:7c:90:8e']"
2018-11-09,18,0,49,17,3,7,18:49,10,1,3,"['b8:27:eb:68:c4:a3', '1c:99:4c:39:56:ca', '8c:85:90:7c:90:8e']"
2018-11-09,18,0,50,22,3,8,18:50,10,1,5,"['b8:27:eb:68:c4:a3', '1c:99:4c:39:56:ca', '8c:85:90:7c:90:8e', '8c:85:90:26:c5:8b', 'a0:d7:95:55:72:3c']"
2018-11-09,18,0,55,28,3,10,18:55,10,1,5,"['b8:27:eb:68:c4:a3', '1c:99:4c:39:56:ca', '8c:85:90:7c:90:8e', '8c:85:90:26:c5:8b', 'a0:d7:95:55:72:3c']"
2018-11-09,18,0,56,27,3,11,18:56,10,1,5,"['b8:27:eb:68:c4:a3', '1c:99:4c:39:56:ca', '8c:85:90:7c:90:8e', '8c:85:90:26:c5:8b', 'a0:d7:95:55:72:3c']"
2018-11-09,18,0,59,25,3,16,18:59,10,1,5,"['b8:27:eb:68:c4:a3', '1c:99:4c:39:56:ca', '8c:85:90:7c:90:8e', '8c:85:90:26:c5:8b', 'a0:d7:95:55:72:3c']"
2018-11-09,19,0,0,24,3,18,19:00,10,1,5,"['b8:27:eb:68:c4:a3', '1c:99:4c:39:56:ca', '8c:85:90:7c:90:8e', '8c:85:90:26:c5:8b', 'a0:d7:95:55:72:3c']"
2018-11-09,19,0,1,25,3,19,19:01,10,1,5,"['b8:27:eb:68:c4:a3', '1c:99:4c:39:56:ca', '8c:85:90:7c:90:8e', '8c:85:90:26:c5:8b', 'a0:d7:95:55:72:3c']"
2018-11-09,19,0,2,25,3,20,19:02,10,1,5,"['b8:27:eb:68:c4:a3', '1c:99:4c:39:56:ca', '8c:85:90:7c:90:8e', '8c:85:90:26:c5:8b', 'a0:d7:95:55:72:3c']"
2018-11-09,19,0,4,24,3,21,19:04,10,1,6,"['b8:27:eb:68:c4:a3', '1c:99:4c:39:56:ca', '8c:85:90:7c:90:8e', '8c:85:90:26:c5:8b', 'a0:d7:95:55:72:3c', '0e:24:f6:de:8f:51']"
2018-11-09,19,0,5,19,3,22,19:05,10,1,6,"['b8:27:eb:68:c4:a3', '1c:99:4c:39:56:ca', '8c:85:90:7c:90:8e', '8c:85:90:26:c5:8b', 'a0:d7:95:55:72:3c', '0e:24:f6:de:8f:51']"
2018-11-09,19,0,7,17,3,23,19:07,10,1,6,"['b8:27:eb:68:c4:a3', '1c:99:4c:39:56:ca', '8c:85:90:7c:90:8e', '8c:85:90:26:c5:8b', 'a0:d7:95:55:72:3c', '0e:24:f6:de:8f:51']"
2018-11-09,19,0,11,13,3,27,19:11,10,1,6,"['b8:27:eb:68:c4:a3', '1c:99:4c:39:56:ca', '8c:85:90:7c:90:8e', '8c:85:90:26:c5:8b', 'a0:d7:95:55:72:3c', '0e:24:f6:de:8f:51']"
2018-11-09,19,0,12,12,3,30,19:12,10,1,5,"['b8:27:eb:68:c4:a3', '1c:99:4c:39:56:ca', '8c:85:90:7c:90:8e', '8c:85:90:26:c5:8b', '0e:24:f6:de:8f:51']"
2018-11-09,19,0,16,10,3,32,19:16,10,1,4,"['b8:27:eb:68:c4:a3', '1c:99:4c:39:56:ca', '8c:85:90:7c:90:8e', '0e:24:f6:de:8f:51']"
2018-11-09,19,0,16,8,3,33,19:16,10,1,4,"['b8:27:eb:68:c4:a3', '1c:99:4c:39:56:ca', '8c:85:90:7c:90:8e', '0e:24:f6:de:8f:51']"
2018-11-09,19,0,18,9,3,35,19:18,10,1,4,"['b8:27:eb:68:c4:a3', '1c:99:4c:39:56:ca', '8c:85:90:7c:90:8e', '0e:24:f6:de:8f:51']"
2018-11-09,19,0,20,8,3,36,19:20,10,1,4,"['b8:27:eb:68:c4:a3', '1c:99:4c:39:56:ca', '8c:85:90:7c:90:8e', '0e:24:f6:de:8f:51']"
2018-11-09,19,0,23,7,3,38,19:23,10,1,3,"['b8:27:eb:68:c4:a3', '1c:99:4c:39:56:ca', '8c:85:90:7c:90:8e']"
2018-11-09,19,0,25,1,3,39,19:25,10,1,1,['8c:85:90:7c:90:8e']
2018-11-09,19,1,26,0,3,40,19:26,10,1,1,['8c:85:90:7c:90:8e']
